{   
    "基础@奇迹.基础":{
        "$是缤纷任务商人":[916,319,1292,518,"sdcard/元梦挂机脚本目录/图片/缤纷任务/奖励说明.png",0.85],
        
        "$向前移动一段":[252,525,140,309,1200],
        
        "$判断商人类型":"是缤纷任务商人@缤纷.是缤纷任务商人",
        "$长按收获":[1258,462,1258,462,3000],
        "$滑动屏幕":[1208,295,1165,287,500]
    },
    "动作@缤纷.基础":{
        "type":"Inverter",
        "name":"缤纷",
        "children":[
            {
                "缤纷时间段流程@缤纷.缤纷时间段流程":{}
            }
        ]
        
    },
    "缤纷时间段流程":{
        "type":"Sequence",
        "name":"缤纷时间段流程",
        "children":[
            {
                "type":"Condition",
                "name":"是缤纷任务时间段",
                "Function":"是在特殊时间段",
                "params":"07:30-23:15"
            },
            {
                "进入奇迹场景@奇迹.进入奇迹场景":{}
            },
            {
                "type":"Selector",
                "name":"选择收获|提交果实",
                "children":[
                    {
                        "提交果实流程@缤纷.提交果实流程":{}
                    },
                    {
                        "type":"Sequence",
                        "name":"不在提交果流程",
                        "children":[
                            {
                                "type":"Condition",
                                "name":"可提交果实时间段",
                                "Function":"比较变量",
                                "params":["可提交果实时间段","==",true]
                            },
                            {
                                "type":"Condition",
                                "name":"提交果实时间到",
                                "Function":"定时器EX",
                                "params":{
                                    "页":"page1",
                                    "控件名":"缤纷出货间隔",
                                    "id":"缤纷出货间隔",
                                    "类型":2
                                }
                            }
                        ]
                    },
                    {
                        "收获作物有月卡版@缤纷.收获果实有月卡版":{}
                    },
                    {
                        "收获果实无月卡版@缤纷.收获果实无月卡版":{}
                    }
                ]
            }
        ]
    },
    "缤纷仓库出货":{
        "type":"RepeaterEX",
        "maxCount":15,
        "name":"缤纷仓库出货",
        "children":[
            {
                "type":"Selector",
                "name":"扫描界面",
                "children":[
                    {
                        "type":"Inverter",
                        "name":"延时5ms",
                        "children":[
                            {
                                "type":"Action",
                                "name":"延时",
                                "Function":"延时",
                                "params":500
                            }
                        ]
                    },
                    {
                        "type":"Condition",
                        "name":"结束任务",
                        "Function":"顺序函数",
                        "params":[
                            ["点击图片",[813,415,1051,499,"sdcard/元梦挂机脚本目录/图片/通用/确定.png",0.9]],
                            ["跳出循环体","结束交货状态"]
                        ]
                    },
                    {
                        "type":"Condition",
                        "name":"点击全部",
                        "Function":"点击颜色",
                        "params":[1073,578,1110,611,"c9d4d0","13|8|c9d4d0|-9|4|c9d3d2|-8|-8|c9d3d2",1,0.9]
                    },
                    {
                        "type":"Condition",
                        "name":"点击提交果实_缤纷",
                        "Function":"点击图片",
                        "params":[1036,361,1179,421,"sdcard/元梦挂机脚本目录/图片/缤纷任务/提交果实.png",0.9] 
                    },
                    {
                        "type":"Condition",
                        "name":"点击提交",
                        "Function":"点击图片",
                        "params":[1207,625,1397,685,"sdcard/元梦挂机脚本目录/图片/缤纷任务/提交.png",0.9,[32,17]] 
                    }
                    
                ]
            }
        ]
    },
    "收获果实无月卡版":{
        "type":"Sequence",
        "name":"收获果实无月卡流程",
        "skip_resolve":"务农机收获",
        "children":[
            {
                "type":"Inverter",
                "name":"无月卡",
                "children":[
                    {
                        "type":"Condition",
                        "name":"获取月卡状态",
                        "Function":"获取月卡状态",
                        "params":"奇迹月卡" 
                    }
                ]
            },
            {
                "type":"Condition",
                "name":"移动步数判断",
                "Function":"比较变量",
                "params":["blackboard.data.缤纷采集完成","~=",true]
            },
            {
                "type":"Action",
                "name":"设置位置",
                "Function":"setval",
                "params":["blackboard.data.在采集状态中",false]
            },
            {
                "type":"Selector",
                "name":"分析是否采集",
                "children":[
                    {
                        "在采集状态下@缤纷.在采集状态下":{}
                    },
                    {
                        "启动采集流程@奇迹.务农机状态启动采集":{}
                    },
                    {
                        "进入务农机状态@奇迹.进入务农机状态":{}
                    }
                ]
            },
            {
                "type":"Action",
                "name":"设置采集中",
                "Function":"setval",
                "params":["blackboard.data.缤纷采集完成",true]
            }
        ]
        
    },
    "收获果实有月卡版":{
        "type":"Sequence",
        "name":"收获果实有月卡流程",
        "skip_resolve":"奇迹月卡",
        "children":[
            {
                "type":"Condition",
                "name":"获取月卡状态",
                "Function":"获取月卡状态",
                "params":"奇迹月卡"
            },
            {
                "type":"Condition",
                "name":"判断时间间隔",
                "Function":"定时器EX",
                "params":{
                    "页":"page1",
                    "控件名":"缤纷收获间隔",
                    "id":"缤纷收获间隔",
                    "类型":2
                }
            },
            {
                "点击复位@通用.点击复位":{}
            },
            {
                "向小旋风滑动@通用.向小旋风滑动":{}
            },
            {
                "奇迹采集设置@奇迹.奇迹采集设置":{"params":{"id":1}}
                
            },
            {
                "点击奇迹无人机@通用.点击奇迹无人机":{}
            },
            {
                "type":"Action",
                "name":"等待1.5秒",
                "Function":"延时",
                "params":1500
            },
            {
                "type":"Selector",
                "name":"是否有提示界面",
                "children":[
                    {
                        "type":"Sequence",
                        "name":"关闭提示界面流程",
                        "children":[
                            {
                                "有提示界面@通用.有提示界面":{}
                            },
                            {
                                "type":"Action",
                                "name":"勾选今日不再提醒",
                                "Function":"点击颜色",
                                "params":"$勾选今日不再提醒"
                            },
                            {
                                "type":"Action",
                                "name":"延时0.3秒",
                                "Function":"延时",
                                "params":300
                            },
                            {
                                "点击确定@通用.点击确定":{}
                            }

                        ]
                    },
                    {
                        "type":"Action",
                        "name":"打印信息",
                        "Function":"log",
                        "params":"收获完成"
                    }
                ]
            },
            {
                "type":"Inverter",
                "name":"取反",
                "children":[
                    {
                        "type":"Action",
                        "name":"设置定时器开始计时",
                        "Function":"定时器EX",
                        "params":{
                            "页":"page1",
                            "控件名":"缤纷收获间隔",
                            "id":"缤纷收获间隔",
                            "类型":3
                        }
                    }
                ]
            }
        ]
    },
    "在采集状态下":{
        "type":"Sequence",
        "name":"在收获流程",
        "children":[
            {
                "type":"Condition",
                "name":"是在采集中",
                "Function":"模板匹配找图",
                "params":"$是在采集中"
            },
            {
                "type":"Action",
                "name":"设置位置",
                "Function":"setval",
                "params":["blackboard.data.在采集状态中",true]
            },
            {
                "位图是否有变化@奇迹.位图是否有变化":{}
            },
            {
                "type":"Action",
                "name":"打印信息",
                "Function":"log",
                "params":"当前移动步数：+%blackboard.data.奇迹移动步数"
            },
            {
                "type":"Action",
                "name":"权重累加",
                "Function":"权重",
                "params":{"类型":"置权重","key":"启动采集失败次数"}
            },
            {
                "type":"SelectorByVariable",
                "name":"执行收获流程",
                "defaultIndex":1,
                "key":"收获奇迹果实位置变更",
                "children":[
                    {
                        "type":"Sequence",
                        "name":"收获左边果实流程",
                        "children":[
                            {
                                "分析移动步数@奇迹.务农及收获右边":{}
                            },
                            {
                                "type":"Condition",
                                "name":"权重累加",
                                "Function":"权重",
                                "params":{"key":"奇迹移动步数","最大值":8,"最小值":1}
                            }
                        ]

                    },
                    {
                        "type":"Sequence",
                        "name":"收获左边果实流程",
                        "children":[
                            {
                                "分析移动步数@奇迹.务农机收获左边":{}
                            },
                            {
                                "type":"Condition",
                                "name":"权重累加",
                                "Function":"权重",
                                "params":{"key":"奇迹移动步数","最大值":5,"最小值":1}
                            }
                        ]

                    }
                ]
            },
            {
                "type":"Condition",
                "name":"权重累加",
                "Function":"权重",
                "params":{"key":"收获奇迹果实位置变更","最大值":3,"最小值":1}
            }
        ]
    },
    "寻找缤纷商人位置":{
        "type":"Sequence",
        "name":"寻找缤纷商人位置",
        "children":[
            {   
                "前往活动区域@奇迹.前往活动区域":{}
            },
            {
                "type":"Selector",
                "name":"缤纷任务",
                "children":[
                    {
                        "寻找npc位置@奇迹.寻找商人位置":{"key":"缤纷任务位置"}
                    },
                    {
                        "type":"Sequence",
                        "name":"否则换位置",
                        "children":[
                                    {
                                "type":"Condition",
                                "name":"设置变量",
                                "Function":"顺序函数",
                                "params":[
                                    ["变量运算",["blackboard.data.缤纷任务位置","+",1]],
                                    ["比较变量",["blackboard.data.缤纷任务位置",">=",5]]
                                    
                                ]
                            },
                            {
                                "type":"Inverter",
                                "name":"设置变量为1",
                                "children":[
                                    {
                                        "type":"Action",
                                        "name":"清零",
                                        "Function":"setval",
                                        "params":["blackboard.data.缤纷任务位置",1]
                                    }
                                ]
                                
                            }
                        ]
                    }
                ]
            }
        ]
    },
    "提交果实流程":{
        "type":"Sequence",
        "name":"提交果流程",
        "children":[
            {
                "type":"Condition",
                "name":"可提交果实时间段",
                "Function":"比较变量",
                "params":["可提交果实时间段","==",true]
            },
            {
                "type":"Condition",
                "name":"提交果实时间到",
                "Function":"定时器EX",
                "params":{
                    "页":"page1",
                    "控件名":"缤纷出货间隔",
                    "id":"缤纷出货间隔",
                    "类型":2
                }
            },
            {
                "点击后退@通用.点击后退":{"type":"Action"}
            },
            {
                "type":"Action",
                "name":"设置采集中",
                "Function":"setval",
                "params":["blackboard.data.缤纷采集完成",false]
            },
            {
                "type":"Action",
                "name":"弹出消息",
                "Function":"log",
                "params":"开始寻找缤纷商人"
            },
            {
                "寻找缤纷位置@缤纷.寻找缤纷商人位置":{}
            },
            {
                "type":"Action",
                "name":"弹出消息",
                "Function":"log",
                "params":"找到缤纷商人开始出货"
            },
            {
                "type":"Action",
                "name":"设置定时器开始计时",
                "Function":"定时器EX",
                "params":{
                    "页":"page1",
                    "控件名":"缤纷出货间隔",
                    "id":"缤纷出货间隔",
                    "类型":3
                }
            },
            {
                "缤纷仓库出货@缤纷.缤纷仓库出货":{}
            }
        ]
    },
    "是缤纷任务商人":{
        "type":"Condition",
        "name":"是缤纷任务商人",
        "Function":"模板匹配找图",
        "params":"$是缤纷任务商人"
    },
    "namespace":"缤纷"
}