{   
    "基础":{
        "$模式":"",
        "$停机模式检测器":"",
        "$可收获匹配":"",
        "$不可收获匹配":"时|分|秒|后可助产",
        "$设置可收获":[],

        "$飞将识别":[14,301,273,371],
        "$神经网络识别":[14,301,273,371,50,0,0.60,0.30,2.00,false,false],
        "$神经网络识别_二值化":[14,301,273,371,"FFFFFF-303030",50,0,0.60,0.30,2.00,false,false],

        "$向无人机滑动":[250,526,50,526,1000,1500],
        "$向奇迹传送门滑动":[251,525,568,430,2100,1000],

        "$找图星宝农场":[1060,648,1211,709,"sdcard/元梦挂机脚本目录/图片/农场/星宝农场.png",0.9],
        "$点击切换农场":[1131,601],

        "$务农小车开关":[1205,401,1324,521,"sdcard/元梦挂机脚本目录/图片/农场/务农开关.png",0.7],
        
        "$有月卡收获流程":"有月卡收获流程@农场.有月卡收获流程",
        "$无月卡收获流程":{},
        "$待领取界面流程":{},

        "$取时间间隔":"获取时长流程@农场.获取时长流程",
        "$收获时间到了":"收获@农场.收获时间到了"
    },
    "动作@农场.基础":{
        "type": "Inverter",
        "name": "$模式",
        "children": [
            {
                "type": "Sequence",
                "name":  "收获动作流程",
                "children":[
                    "$收获时间到了",
                    {
                        "type": "Action",
                        "name": "关闭计时窗口",
                        "Function":"关闭计时窗口"
                    },
                    {
                        "type":"Condition",
                        "name":"在空闲状态",
                        "Function":"是指定任务状态",
                        "params":"$模式"
                    },
                    {
                        "type":"Action",
                        "name":"设置当前任务",
                        "Function":"更新任务状态",
                        "params":"$模式"
                    },
                    {
                        "返回农场@农场.返回农场":{}
                    },
                    {
                        "type": "Selector",
                        "name": "收货策略及时间选择",
                        "children": [
                            "$有月卡收获流程",
                            "$无月卡收获流程",
                            "$取时间间隔"  
                        ]
                    },
                    {
                        "type":"Action",
                        "name":"设置当前任务",
                        "Function":"更新任务状态",
                        "params":"空闲"
                    }
                ]
            }
        ]
    },
    "返回农场":{
        "type":"Selector",
        "name": "各场景返回农场操作集",
        "children":[
            {
                "是在农场内@通用.是在农场内":{}
            },
            {
                "是在发射状态@通用.是在发射状态":{}
            },
            {
                "type":"Sequence",
                "name":"从奇迹世界返回农场",
                "children":[
                    {
                        "是在奇迹内@通用.是在奇迹内":{}
                    },
                    {
                        "是在主界面@通用.是在主界面":{}
                    },
                    {
                        "点击复位@通用.点击复位":{}
                    },
                    {
                        "type": "Action",
                        "name": "向奇迹入口滑动",
                        "Function":"滑动",
                        "params": "$向奇迹传送门滑动"
                    },
                    {
                        "点击通用按钮@通用.点击通用按钮":{}
                    },
                    {
                        "type": "Action",
                        "name": "延时3s",
                        "Function":"延时",
                        "params": 3000
                    },
                    {
                        "是在农场内@通用.是在农场内":{}
                    }
                ]
            },
            {
                "type":"Sequence",
                "name":"从主世界返回农场",
                "children":[
                    {
                        "是在主世界@通用.是在主世界":{}
                    },
                    {
                        "type":"Selector",
                        "name": "选择场景",
                        "children":[
                            {
                                "type":"Condition",
                                "name":"找图星宝农场",
                                "Function":"模板匹配找图",
                                "params":"$找图星宝农场"
                            },
                            {
                                "type": "Action",
                                "name": "点击切换农场",
                                "Function":"点击",
                                "params": "$点击切换农场"
                            },
                            {
                                "type":"Action",
                                "name":"延时1.5s",
                                "Function":"延时",
                                "params":1500
                            }
                        ]
                    },
                    {
                        "type": "Action",
                        "name": "延时3s",
                        "Function":"延时",
                        "params": 1000
                    },
                    {
                        "type":"Condition",
                        "name":"找图星宝农场",
                        "Function":"点击图片",
                        "params":"$找图星宝农场"
                    },
                    {
                        "type": "Action",
                        "name": "延时3s",
                        "Function":"延时",
                        "params": 3000
                    },
                    {
                        "是在农场内@通用.是在农场内":{}
                    }
                ]
            },
            {
                "清鱼卡界面@通用.清鱼卡界面":{}
            },
            {
                "点击后退@通用.点击后退":{}
            },
            {
                "空点击流程@通用.空点击流程":{}
            }
        ]
            
    },
    "移动到无人机旁":{
        "type":"Selector",
        "name": "移动到无人机旁",
        "children":[
            {
                "识别当前工作模式@农场.识别当前工作模式":{}
            },
            {
                "退出屋内流程@农场.退出屋内流程":{}
            },
            {
                "type":"Sequence",
                "name":"顺序执行",
                "children":[
                    {
                        "点击复位@通用.点击复位":{}
                    },
                    {
                        "type":"Action",
                        "Function":"滑动",
                        "params":"$向无人机滑动",
                        "name":"向无人机移动"
                    },
                    {
                        "type":"Action",
                        "name":"延时",
                        "Function":"延时",
                        "params":1000
                    },
                    {
                        "识别当前工作模式@农场.识别当前工作模式":{}
                    }
                ]
            }
        ]   
    },
    "识别收获时长":{
        "type":"Selector",
        "name":"选择识别模式",
        "children":[
            {
                "type":"Sequence",
                "name":"飞将识别",
                "children":[
                    {
                        "type":"Condition",
                        "name":"根据图片识别文本",
                        "Function":"识别屏幕_根据模型识别",
                        "params":"$飞将识别"
                    },
                    {
                        "_@农场.分析识别结果":{}
                    }
                ]
            },
            {
                "type":"Sequence",
                "name":"本地神经网络识别",
                "children":[
                    {
                        "type":"Condition",
                        "name":"根据图片识别文本",
                        "Function":"识别屏幕_本地神经网络识别",
                        "params":"$神经网络识别"
                    },
                    {
                        "_@农场.分析识别结果":{}
                    }
                ]
            },
            {
                "type":"Sequence",
                "name":"本地神经网络识别_二值化",
                "children":[
                    {
                       "type":"Condition",
                        "name":"根据图片识别文本",
                        "Function":"识别屏幕_本地神经网络识别_二值化",
                        "params":"$神经网络识别_二值化"
                    },
                    {
                        "_@农场.分析识别结果":{}
                    }
                ]
            },
            {
                "type":"Inverter",
                "name":"点击复位",
                "children":[
                    {
                        "type":"Sequence",
                        "name":"重新复位流程",
                        "children":[
                            {
                                "点击复位@通用.点击复位":{}
                            },
                            {
                                "type":"Action",
                                "name":"等待1s",
                                "Function":"延时",
                                "params":1000
                            }
                        ]
                    }
                ]
            }
        ]
        
    },
    "获取时长流程":{
        "type": "Sequence",
        "name":  "补存时间序列",
        "children":[
            {
                "type":"Inverter",
                "name":"收获完成",
                "children":[
                    {
                        "type":"Condition",
                        "name":"检查是否收获完成",
                        "Function":"判断是否已点击机器",
                        "params":"$模式"
                    }
                ]
            },
            {
                "在无人机旁@农场.移动到无人机旁":{}
            },
            {
                "选择工作模式@农场.选择工作模式":{}
            },
            {
                "识别收获时长@农场.识别收获时长":{}
            }
            
        ]
    },
    "分析识别结果":{
        "type":"Selector",
        "name":"选择收获或者补存时间",
        "children":[
            {
                "type":"Sequence",
                "name":"可收获序列",
                "children":[
                    {
                        "type":"Condition",
                        "name":"如果可以收获",
                        "Function":"文本内容搜索",
                        "params":"$可收获匹配"
                    },
                    {
                        "type":"Action",
                        "name":"设置变量",
                        "Function":"setval",
                        "params":"$设置可收获"
                    }
                ]
            },
            {
                "type":"Sequence",
                "name":"取时间动作",
                "children":[
                    {
                        "type":"Condition",
                        "name":"如果不可收获",
                        "Function":"文本内容搜索",
                        "params":"$不可收获匹配"
                    },
                    {
                        "type":"Condition",
                        "name":"提取成熟时间",
                        "Function":"在识别结果中提取时间",
                        "params":"$模式"
                    }
                    
                ]

            },
            "$待领取界面流程"
        ]
    },
    "收货策略选择":{
        "type":"Selector",
        "name":"收货策略选择",
        "children":[
            {
                "type":"Sequence",
                "name":"有月卡流程",
                "skip_resolve":"农场月卡",
                "children":[
                    {
                        "type":"Condition",
                        "name":"获取月卡状态",
                        "Function":"获取月卡状态",
                        "params":"农场月卡"
                    },
                    {
                        "type":"Condition",
                        "name":"可点击机器",
                        "Function":"判断是否已点击机器",
                        "params":"$模式"
                    },
                    {
                        "点击启动无人机@通用.点击启动无人机":{}
                    },
                    {
                        "type":"Repeater",
                        "name":"60秒轮询-停机模式检测器",
                        "desc":"判断无人机不在工作中",
                        "maxCount":60,
                        "children":[
                            {
                                "type":"Sequence",
                                "name":"序列节点",
                                "children":[
                                    {
                                        "type": "Action",
                                        "name": "延时",
                                        "Function":"延时",
                                        "params": 1000
                                    },
                                    {
                                        "识别当前工作模式@农场.识别当前工作模式":{}
                                    },
                                    {
                                        "type":"Condition",
                                        "name":"检查是否是指定模式",
                                        "Function":"检查是否是指定模式",
                                        "params":"$停机模式检测器"
                                    }
                                    
                                ]
                            }
                        ]
                    },
                    {
                        "type":"Action",
                        "name":"延时3s",
                        "Function":"延时",
                        "params":4000
                    },
                    {
                        "type":"Condition",
                        "name":"置收获间隔",
                        "Function":"置收获间隔",
                        "params": "$模式"
                    }
                ]
            },
            "$无月卡收获"
            
        ]
    },
    "有月卡收获流程":{
        "type":"Sequence",
        "name":"有月卡策略",
        "children":[
            {
                "type":"Condition",
                "name":"获取月卡状态",
                "Function":"获取月卡状态",
                "params":"农场月卡"
            },
            {
                "type":"Condition",
                "name":"可点击机器",
                "Function":"判断是否已点击机器",
                "params":"$模式"
            },
            {
                "在无人机旁@农场.移动到无人机旁":{}
            },
            {
                "选择工作模式@农场.选择工作模式":{}
            },
            {
                "点击启动无人机@通用.点击启动无人机":{}
            },
            {
                "type": "Repeater",
                "name": "60秒轮询-停机模式检测器",
                "desc": "判断无人机不在工作中",
                "maxCount": 30,
                "children": [
                    {
                        "type": "Sequence",
                        "name": "序列节点",
                        "children": [
                            {
                                "清鱼卡界面@通用.清鱼卡界面":{"type":"Action"}
                            },
                            {
                                "type": "Action",
                                "name": "打印消息",
                                "Function":"log",
                                "params":"等待无人机工作结束"
                            },
                            {
                                "识别当前工作模式@农场.识别当前工作模式":{}
                            },
                            {
                                "type": "Condition",
                                "name": "检查是否是指定模式",
                                "Function": "检查是否是指定模式",
                                "params": "$停机模式检测器"
                            }
                        ]
                    }
                ]
            },
            {
                "type":"Action",
                "name":"延时3s",
                "Function":"延时",
                "params":2000
            },
            {
                "type":"Condition",
                "name":"置收获间隔",
                "Function":"置收获间隔",
                "params": "$模式"
            }
        ]
        
    },
    "识别当前工作模式":{
        "type":"Condition",
        "name":"检查工作模式",
        "Function":"识别当前工作模式",
        "params":[1138,354,1376,545,
        "sdcard/元梦挂机脚本目录/图片/农场/全部.png|sdcard/元梦挂机脚本目录/图片/农场/作物.png|sdcard/元梦挂机脚本目录/图片/农场/动物.png|sdcard/元梦挂机脚本目录/图片/农场/加工.png|sdcard/元梦挂机脚本目录/图片/农场/水产.png|sdcard/元梦挂机脚本目录/图片/农场/餐厅.png|sdcard/元梦挂机脚本目录/图片/农场/工作中.png",
        0.85,200]
    },
    "选择工作模式":{
        "type":"Repeater",
        "name":"选择工作模式",
        "maxCount":5,
        "children":[
            {
                "type":"Sequence",
                "name":"检查工作模式序列",
                "children":[
                    {
                        "识别当前工作模式@农场.识别当前工作模式":{}
                    },
                    {
                        "type":"Selector",
                        "name":"分析当前模式",
                        "children":[
                            {
                                "type":"Condition",
                                "name":"是指定模式",
                                "Function":"检查是否是指定模式",
                                "params":"$模式"
                            },
                            {
                                "type":"Inverter",
                                "name":"切换模式",
                                "children":[
                                    {
                                        "type":"Sequence",
                                        "name":"切换模式流程",
                                        "children":[
                                            {
                                                "点击切换模式@通用.点击切换模式":{} 
                                            },
                                            {
                                                "type":"Action",
                                                "name":"等待1s",
                                                "Function":"延时",
                                                "params":1500
                                            }
                                        ]
                                    }
                                ]
                            }
                        ]
                    }
                    
                ]
            }
            
        ]
    },
    "收获时间到了":{
        "type":"Condition",
        "name": "时间到了",
        "Function":"检查收获时间",
        "params":"$模式"
    },
    "轮询是否落地":{
        "type":"Repeater",
        "maxCount":10,
        "name":"轮询是否落地",
        "children":[
            {
                "type":"Sequence",
                "name":"落地流程检查",
                "children":[
                    {
                        "type":"Action",
                        "name":"等待0.5秒",
                        "Function":"延时",
                        "params":500
                    },
                    {
                        "有计时界面@通用.有计时界面":{}
                    },
                    {
                        "type":"Action",
                        "name":"等待0.5秒",
                        "Function":"延时",
                        "params":2000
                    },
                    {
                        "type":"Action",
                        "name":"打印信息",
                        "Function":"log",
                        "params":"已落地"
                    }
                ]
            } 
        ]
    },
    "在务农小车上":{
        "type":"Condition",
        "name": "在务农小车上？",
        "Function":"模板匹配找图",
        "params":"$务农小车开关"
    },
    "退出屋内流程":{
        "type":"Sequence",
        "name":"在屋内返回屋外流程",
        "children":[
            {
                "是在屋内@通用.是在屋内":{}
            },
            {
                "点击复位@通用.点击复位":{}
            },
            {
                "向屋外滑动@通用.向屋外滑动":{}
            },
            {
                "type":"Action",
                "name":"等待4秒",
                "Function":"延时",
                "params":4000
            }
        ]
    },
    "namespace":"农场"
}