{
    "点击复位":{
        "type": "Action",
        "name": "点击复位",
        "Function":"点击",
        "params": [1495,651]
    },
    "点击问号":{
        "type": "Action",
        "name": "点击 ? 号",
        "Function":"点击",
        "params": [197,313]
    },
    "点击靶子":{
        "type": "Action",
        "name": "点击靶子",
        "Function":"点击",
        "params": [1256,459,300]
    },
    "点击放大镜":{
        "type":"Condition",
        "name":"点击放大镜",
        "Function":"点击图片",
        "params":[1188,387,1333,531,"sdcard/元梦挂机脚本目录/图片/农场/放大镜.png",0.7,[57,53]]
    },
    "点击务农小车":{
        "type":"Condition",
        "name":"点击务农小车",
        "Function":"点击图片_二值化",
        "params":[1307,317,1474,470,"sdcard/元梦挂机脚本目录/图片/农场/务农小车.png",0.7,225,[55,58]]
    },
    "点击切换模式":{
        "type":"Action",
        "name":"点击切换模式",
        "Function":"点击",
        "params": [1484,568]
    },
    "点击通用按钮":{
        "type": "Action",
        "name": "点击通用按钮",
        "Function":"点击",
        "params": [1398,574,1300]
    },
    "点击奇迹无人机":{
        "type":"Action",
        "name":"点击无人机",
        "Function":"点击",
        "params":[1256,454,300]
    },
    "点击启动无人机":{
        "type": "Action",
        "name": "点击启动无人机",
        "Function":"点击",
        "params": [1259,456]
    },
    "点击后退旧版":{
        "type":"Condition",
        "name":"点击后退",
        "Function":"点击颜色",
        "params":[54,19,114,73,"363636","-20|1|ffee66|4|19|363636|4|-19|e6d55a|25|2|ffe960",1,0.9]
    },
    "点击后退":{
        "type":"Condition",
        "name":"点击后退",
        "Function":"点击颜色",
        "params":[46,12,116,83,"ff602f-101010","-15|1|ffe770-101010|-3|20|ff5327-101010|-7|-16|ff7b29-101010|14|0|ff6837-101010|-23|-5|ff7e49-101010|-6|-5|ffe15f-101010",1,0.9]
    },
    "点击关闭广告":{
        "type":"Condition",
        "name":"点击关闭广告",
        "Function":"点击图片",
        "params":[1280,11,1410,128,"sdcard/元梦挂机脚本目录/图片/通用/关闭广告.png",0.8,[18,24]]
    },
    "点击空白区域":{
        "type":"Condition",
        "name":"点击空白区域",
        "Function":"点击图片",
        "params":[469,512,1128,715,"sdcard/元梦挂机脚本目录/图片/通用/点击空白区域.png",0.8]
    },
    "点击确定":{
        "type":"Condition",
        "name":"点击确定",
        "Function":"点击图片",
        "params":[817,413,1044,500,"sdcard/元梦挂机脚本目录/图片/通用/确定.png",0.8]
    },
    "点击切换农场":{
        "type": "Action",
        "name": "点击切换农场入口",
        "Function":"点击",
        "params": [1130,599]
    },
    "是在屋外":{
        "type":"Condition",
        "name":"是在屋外",
        "Function":"模板匹配找图",
        "params":[1365,0,1540,135,"sdcard/元梦挂机脚本目录/图片/农场/装饰.png",0.8]
    },
    "是在屋内":{
        "type":"Condition",
        "name":"是在屋内",
        "Function":"模板匹配找图",
        "params":[1365,0,1540,135,"sdcard/元梦挂机脚本目录/图片/农场/装修.png",0.8]
    },
    "是在主界面":{
        "type":"Condition",
        "name":"在主界面",
        "Function":"模板匹配找图",
        "params":[1473,165,1570,306,"sdcard/元梦挂机脚本目录/图片/通用/社交.png",0.75]
    },
    "有活动图片":{
        "type":"Condition",
        "name":"在主界面",
        "Function":"模板匹配找图",
        "params":[1162,3,1557,103,"sdcard/元梦挂机脚本目录/图片/通用/活动.png",0.75]
    },
    "是在农场内":{
        "type":"Condition",
        "name":"在农场内",
        "Function":"区域多点找色",
        "params":[670,0,776,87,"f5ce35","-13|12|fff3a3|-11|6|5dcc58|5|10|65d155|10|-6|018f66",0,0.9]
    },
    "是在奇迹内":{
        "type":"Condition",
        "name":"在奇迹世界里",
        "Function":"区域多点找色",
        "params":[670,0,776,87,"f9dd2d","0|11|43d0bf|-11|0|2de2a3|11|-9|ff83f8|7|13|ffd54f",0,0.9]
    },
    "是在主世界":{
        "type":"Condition",
        "name":"是在主世界",
        "Function":"模板匹配找图",
        "params":[1104,574,1158,634,"sdcard/元梦挂机脚本目录/图片/通用/农场切换.png",0.75]
    },
    "是在发射状态":{
        "type":"Condition",
        "name":"是在发射状态",
        "Function":"模板匹配找图",
        "params":[57,7,234,85,"sdcard/元梦挂机脚本目录/图片/农场/发射器.png",0.75]
    },
    "向小旋风滑动":{
        "type":"Action",
        "name":"向小旋风移动",
        "Function":"滑动",
        "params":[249,527,34,348,1200,1000]
    },
    "有提示界面":{
        "type":"Condition",
        "name":"有提示界面",
        "Function":"模板匹配找图",
        "params":[508,177,634,244,"sdcard/元梦挂机脚本目录/图片/通用/提示.png",0.9]
    },
    "有计时界面":{
        "type":"Condition",
        "name":"有计时界面",
        "Function":"区域多点找色",
        "params":[51,133,215,337,"e4e3e6-050505","-25|-25|e4e3e6-050505|-28|38|ebe9ea-050505|-29|24|f1eceb-050505|-10|-24|ebecf0-050505|-2|18|f0f0ef-050505|-6|-15|ededf1-050505|-13|-23|efeff2-050505|-13|35|ece9ea-050505|-27|-30|e4e3e6-050505",1,0.9]
    },
    "网络波动":{
        "type":"Condition",
        "name":"有计时界面",
        "Function":"区域多点找色",
        "params":[669,239,925,442,"ffe64b-202020","4|33|ffe64b-202020|-16|24|ffe64b-202020|-5|19|70420d-202020|8|18|70430d-202020|-21|-29|ffe64b-202020",1,0.9]
    },
    "向屋外滑动":{
        "type": "Action",
        "name": "向房屋大门外滑动",
        "Function":"滑动",
        "params": [250,524,250,700,2000]
    },
    "清鱼卡界面":{
        "type":"Condition",
        "name":"清鱼卡界面",
        "Function":"顺序函数",
        "params":[    
                    ["延时",2000],
                    ["是指定任务状态","水产"],
                    ["模板匹配找图",[0,0,0,0,"sdcard/元梦挂机脚本目录/图片/农场/获得鱼卡.png",0.7]],
                    ["点击",[377,682]]
                ]
    },
    "向发射器移动":{
        "type":"Sequence",
        "name":"向发射器移动",
        "children":[
            {
                "复位@通用.点击复位":{}
            },
            {
                "type": "Action",
                "name": "向右滑动",
                "Function":"滑动",
                "params": [251,526,544,526,1500]
            },
            {
                "type": "Action",
                "name": "修正位置",
                "Function":"滑动",
                "params": [251,526,209,359,700]
            },
            {
                "type":"Action",
                "name":"等待1秒",
                "Function":"延时",
                "params": 1000
            }
        ]
    },
    "空点击流程":{
        "type":"Inverter",
        "name":"取反",
        "children":[
            {
                "type":"Sequence",
                "name":"空点击流程",
                "children":[
                    {
                        "type":"Action",
                        "name":"点击",
                        "Function":"点击",
                        "params":[305,679]
                    },
                    {
                        "type":"Action",
                        "name":"等待1秒",
                        "Function":"延时",
                        "params":1000
                    }
                ]
            }
        ]
    },
    "namespace":"通用"
}