{   
    "基础":{
        "$点击宠物商店":[1268,84,1519,472,"f5910e-101010","0|2|f2910d-101010|-13|2|f89107-101010|6|-2|f6900f-101010|-13|-4|f4920d-101010|7|-4|f2910d-101010|3|-2|f6900f-101010|1|-2|f5910e-101010|0|13|f2910d-101010|-7|-3|f5910e-101010",1,0.9],
        "$点击工具商店":[1268,84,1519,472,"2ea5e5-101010","-4|7|2fa6eb-101010|0|-10|1f9ee8-101010|-7|-14|209ee9-101010|-10|-11|1f9ee9-101010|-5|9|209ee9-101010|-5|10|219ee9-101010|6|-15|36a1e9-101010|5|9|209ee9-101010|6|9|209ee9-101010",1,0.9],
        "$点击种子商店":[1268,84,1519,472,"55be0e-101010","1|10|57bb0d-101010|1|-8|57bb0b-101010|-7|-2|5cbb08-101010|14|5|57bb0b-101010|-5|10|54be0e-101010|7|0|57bc0e-101010|13|-7|57bc0d-101010|13|-14|54b80d-101010|-7|-8|58bd0e-101010",0,0.9],
        "$点击批量购买":[1069,635,1201,682,"ffe74f","-32|0|333333|31|1|333333|-21|6|333333",1,0.9],
        "$点击全部":[1073,643,1107,676,"cecfd0","-12|-12|d0d0d0|11|9|d0d0d0|-7|9|d1d2d2|10|-11|d1d1d1",1,0.9],
        "$点击确认购买":[711,496,894,544,"333333","-8|2|333333|-165|-31|ffeb5f|69|-31|ffe64b|69|20|fee74a|-159|16|fee64e",1,0.9],
        "$点击结算":[1437,641,1517,678,"373633","0|9|333333|18|7|343333|36|6|fee74a|-14|-6|feeb5f",1,0.9],
        "$点击购物车":[1388,395,1000],

        "$点击宠物标签页":[1383,40,1523,64,"7a7b76-101010","-24|-7|7a7873-101010|18|2|747d7e-101010|18|6|747d7e-101010",1,0.9],
        "$点击工具标签页":[1233,39,1369,66,"7a7b76-101010","-24|-7|7a7873-101010|18|2|747d7e-101010|18|6|747d7e-101010",1,0.9],
        "$点击种子标签页":[1092,37,1194,64,"7a7b76-101010","-24|-7|7a7873-101010|18|2|747d7e-101010|18|6|747d7e-101010",1,0.9],

        "$已勾选全部":[1073,643,1105,672,"454545-101010","-2|-14|4beb91-101010|-11|5|4beb91-101010|10|8|4beb91-101010",1,0.9],
        


        "$点击宠物商店_图片":[965,364,1251,420,"sdcard/元梦挂机脚本目录/图片/商店/宠物商店.png",0.9],
        "$取消购买收藏锁":[1077,534,1115,574,"363636","-8|-17|4beb91|13|-18|4be991|12|4|4beb91",1,0.9],
        "$取消购买绿蛋":[1080,129,1115,163,"363636-101010","-4|-20|4ae692-101010|-10|-18|4bea91-101010|14|5|4beb91-101010|-7|6|4beb91-101010",1,0.9]
        
    },
    "购买种子@商店.基础":{
        "type":"Sequence",
        "name":"购买种子流程",
        "children":[
            {
                "type":"Condition",
                "name":"时间到了",
                "Function":"时间到了",
                "params":"购买种子"
            },
            {
                "type":"Condition",
                "name":"在空闲状态",
                "Function":"是指定任务状态",
                "params":"购买种子"
            }, 
            {
                "进入奇迹场景@奇迹.进入奇迹场景":{}
            },
            {
                "点击复位@通用.点击复位":{}
            },
            {
                "点击靶子@通用.点击靶子":{}
            },
            {
                "type":"Action",
                "name":"延时2s",
                "Function":"延时",
                "params":2000
            },
            {
                "type":"Condition",
                "name":"点击种子商店",
                "Function":"点击颜色",
                "params":"$点击种子商店"
            },
            {
                "轮询对话@奇迹.轮询对话":{}
            },
            {
                "type":"Action",
                "name":"打印",
                "Function":"顺序函数",
                "params":[
                    ["print","\n-----开始购买种子----"],
                    ["log","开始购买种子"]
                ]
            },
            {
                "type":"Selector",
                "name":"购买策略选择",
                "children":[
                    {
                        "type":"Sequence",
                        "name":"批量购买流程",
                        "children":[
                            {
                                "type":"Condition",
                                "name":"批量购买被勾选",
                                "Function":"比较变量",
                                "params":["CFG.page2.批量购买种子","==","true"]
                            },
                            {
                                "type":"RepeaterEX",
                                "maxCount":20,
                                "name":"轮询购买种子",
                                "children":[
                                    {
                                        "type":"Selector",
                                        "name":"购买流程",
                                        "children":[
                                            {
                                                "type":"Inverter",
                                                "name":"延时5ms",
                                                "children":[
                                                    {
                                                        "type":"Action",
                                                        "name":"延时",
                                                        "Function":"延时",
                                                        "params":500
                                                    }
                                                ]
                                            },
                                            {
                                                "type":"Condition",
                                                "name":"点击批量购买",
                                                "Function":"点击颜色",
                                                "params":"$点击批量购买"
                                            },
                                            {
                                                "type":"Condition",
                                                "name":"点击全部",
                                                "Function":"点击颜色",
                                                "params":"$点击全部"
                                            },
                                            {
                                                "点击结算流程@商店.点击结算流程":{}
                                            },
                                            {
                                                "type":"Condition",
                                                "name":"点击确认购买",
                                                "Function":"点击颜色",
                                                "params":"$点击确认购买"
                                            },
                                            {
                                                "type":"Sequence",
                                                "name":"退出流程",
                                                "children":[
                                                    {
                                                        "点击空白区域@通用.点击空白区域":{}
                                                    },
                                                    {
                                                        "type":"Action",
                                                        "name":"结束轮询",
                                                        "Function":"跳出循环体",
                                                        "params":"结束轮询->购买种子"
                                                    },
                                                    {
                                                        "type":"Action",
                                                        "name":"延时2s",
                                                        "Function":"延时",
                                                        "params":2000
                                                    }
                                                ]
                                            }
                                            
                                        ]
                                    }
                                ]
                            }
                        ]
                    },
                    {
                        "执行购买流程@商店.执行购买流程":{}
                    }
                    
                ]
            },
            {
                "type":"Action",
                "name":"计算下个周期",
                "Function":"下次周期点",
                "params":{
                    "变量":"购买种子",
                    "周期":300
                }
            },
            {
                "轮询点击退出@奇迹.轮询点击退出":{}
            }
        ]
    },
    "购买工具@商店.基础":{
        "type":"Sequence",
        "name":"购买工具流程",
        "children":[
            {
                "type":"Condition",
                "name":"时间到了",
                "Function":"时间到了",
                "params":"购买工具"
            }, 
            {
                "type":"Condition",
                "name":"在空闲状态",
                "Function":"是指定任务状态",
                "params":"购买工具"
            },
            {
                "进入奇迹场景@奇迹.进入奇迹场景":{}
            },     
            {
                "点击复位@通用.点击复位":{}
            },
            {
                "点击靶子@通用.点击靶子":{}
            },
            {
                "type":"Action",
                "name":"延时1s",
                "Function":"延时",
                "params":1000
            },
            {
                "type":"Condition",
                "name":"点击工具商店",
                "Function":"点击颜色",
                "params":"$点击工具商店"
            },
            {
                "轮询对话@奇迹.轮询对话":{}
            },
            {
                "type":"Action",
                "name":"打印购买工具",
                "Function":"顺序函数",
                "params":[
                    ["print","\n-----开始购买工具----"],
                    ["log","开始购买工具"]
                ]
            },
            {
                "type":"RepeaterEX",
                "maxCount":20,
                "name":"轮询购买界面",
                "children":[
                    {
                        "type":"Selector",
                        "name":"购买界面",
                        "children":[
                            {
                                "type":"Inverter",
                                "name":"延时5ms",
                                "children":[
                                    {
                                        "type":"Action",
                                        "name":"延时0.5秒",
                                        "Function":"延时",
                                        "params":500
                                    }
                                ]
                            },
                            {
                                "type":"Condition",
                                "name":"取消购买收藏锁",
                                "Function":"点击颜色",
                                "params":"$取消购买收藏锁"
                            },
                            {
                                "type":"Condition",
                                "name":"点击批量购买",
                                "Function":"点击颜色",
                                "params":"$点击批量购买"
                            },
                            {
                                "type":"Condition",
                                "name":"点击全部",
                                "Function":"点击颜色",
                                "params":"$点击全部"
                            },
                            {
                                "点击结算流程@商店.点击结算流程":{}
                            },
                            {
                                "type":"Condition",
                                "name":"点击确认购买",
                                "Function":"点击颜色",
                                "params":"$点击确认购买"
                            },
                            {
                                "type":"Sequence",
                                "name":"退出流程",
                                "children":[
                                    {
                                        "点击空白区域@通用.点击空白区域":{}
                                    },
                                    {
                                        "type":"Action",
                                        "name":"结束轮询",
                                        "Function":"跳出循环体",
                                        "params":"结束轮询->购买工具"
                                    },
                                    {
                                        "type":"Action",
                                        "name":"延时2s",
                                        "Function":"延时",
                                        "params":2000
                                    }
                                ]
                            }
                        ]
                    }
                ]
            },
            {
                "type":"Action",
                "name":"计算下个周期",
                "Function":"下次周期点",
                "params":{
                    "变量":"购买工具",
                    "周期":3600
                }
            },
            {
                "轮询点击退出@奇迹.轮询点击退出":{}
            }
        ]
    },
    "购买宠物@商店.基础":{
        "type":"Sequence",
        "name":"购买宠物流程",
        "children":[
            {
                "type":"Condition",
                "name":"时间到了",
                "Function":"时间到了",
                "params":"购买宠物"
            }, 
            {
                "type":"Condition",
                "name":"在空闲状态",
                "Function":"是指定任务状态",
                "params":"购买宠物"
            },
            {
                "进入奇迹场景@奇迹.进入奇迹场景":{}
            },     
            {
                "点击复位@通用.点击复位":{}
            },
            {
                "点击靶子@通用.点击靶子":{}
            },
            {
                "type":"Action",
                "name":"延时1s",
                "Function":"延时",
                "params":1000
            },
            {
                "type":"Condition",
                "name":"点击宠物商店",
                "Function":"点击颜色",
                "params":"$点击宠物商店"
            },
            {
                "轮询对话@奇迹.轮询对话":{}
            },
            {
                "type":"Action",
                "name":"打印购买工具",
                "Function":"顺序函数",
                "params":[
                    ["print","\n-----开始购买宠物----"],
                    ["log","开始购买宠物"]
                ]
            },
            {
                "type":"RepeaterEX",
                "maxCount":20,
                "name":"轮询购买界面",
                "children":[
                    {
                        "type":"Selector",
                        "name":"购买界面",
                        "children":[
                            {
                                "type":"Inverter",
                                "name":"延时5ms",
                                "children":[
                                    {
                                        "type":"Action",
                                        "name":"延时",
                                        "Function":"延时",
                                        "params":500
                                    }
                                ]
                            },
                            {
                                "type":"Sequence",
                                "name":"退出流程",
                                "children":[
                                    {
                                        "点击空白区域@通用.点击空白区域":{}
                                    },
                                    {
                                        "type":"Action",
                                        "name":"结束轮询",
                                        "Function":"跳出循环体",
                                        "params":"结束轮询->购买宠物"
                                    },
                                    {
                                        "type":"Action",
                                        "name":"延时2s",
                                        "Function":"延时",
                                        "params":2000
                                    }
                                ]
                            },
                            {
                                "type":"Condition",
                                "name":"点击批量购买",
                                "Function":"点击颜色",
                                "params":"$点击批量购买"
                            },
                            {
                                "type":"Condition",
                                "name":"点击全部",
                                "Function":"点击颜色",
                                "params":"$点击全部"
                            },
                            {
                                "type":"Condition",
                                "name":"取消购买绿蛋",
                                "Function":"点击颜色",
                                "params":"$取消购买绿蛋"
                            },
                            {
                                "点击结算流程@商店.点击结算流程":{}
                            },
                            {
                                "type":"Condition",
                                "name":"点击确认购买",
                                "Function":"点击颜色",
                                "params":"$点击确认购买"
                            },
                            {
                                "type":"Condition",
                                "name":"点击宠物商店",
                                "Function":"点击图片",
                                "params":"$点击宠物商店_图片"
                            }
                            
                        ]
                    }
                ]
            },
            {
                "type":"Action",
                "name":"计算下个周期",
                "Function":"下次周期点",
                "params":{
                    "变量":"购买宠物",
                    "周期":3600
                }
            },
            {
                "轮询点击退出@奇迹.轮询点击退出":{}
            }
        ]
    },
    "小旋风商店@商店.基础":{
        "type":"Sequence",
        "name":"小旋风商店流程",
        "children":[
            {
                "type":"Condition",
                "name":"时间到了",
                "Function":"时间到了",
                "params":"小旋风商店"
            },
            {
                "type":"Condition",
                "name":"在空闲状态",
                "Function":"是指定任务状态",
                "params":"小旋风商店"
            },
            {
                "type":"Action",
                "name":"打印消息",
                "Function":"log",
                "params":"工作状态-->小旋风商店"
            },
            {
                "进入奇迹场景@奇迹.进入奇迹场景":{}
            }, 
            {
                "type":"Action",
                "name":"延时1s",
                "Function":"延时",
                "params":1000
            },    
            {
                "点击复位@通用.点击复位":{}
            },
            {
                "向小旋风滑动@通用.向小旋风滑动":{}
            },
            {
                "type":"Action",
                "name":"点击购物车",
                "Function":"点击",
                "params":"$点击购物车"
            },
            {
                "type":"RepeaterEX",
                "maxCount":20,
                "name":"轮询购买种子界面",
                "children":[
                    {
                        "type":"Selector",
                        "name":"购买种子界面",
                        "children":[
                            {
                                "type":"Inverter",
                                "name":"延时5ms",
                                "children":[
                                    {
                                        "type":"Action",
                                        "name":"延时",
                                        "Function":"延时",
                                        "params":1000
                                    }
                                ]
                            },
                            {
                                "点击空白区域@商店.点击空白区域":{}
                            },
                            {
                                
                                "type":"Condition",
                                "name":"点击种子标签页",
                                "Function":"点击颜色",
                                "params":"$点击种子标签页"
                            
                            },
                            {
                                "type":"Condition",
                                "name":"勾选全部",
                                "Function":"点击颜色",
                                "params":"$点击全部"
                            },
                            {
                                "点击结算流程@商店.点击结算流程":{}
                            }, 
                            {
                                "type":"Condition",
                                "name":"点击确认购买",
                                "Function":"点击颜色",
                                "params":"$点击确认购买"
                            },
                            {
                                "type":"Condition",
                                "name":"点击批量购买",
                                "Function":"点击颜色",
                                "params":"$点击批量购买"
                            }
                            
                        ]
                    }
                ] 
            },
            {
                "type":"RepeaterEX",
                "maxCount":20,
                "name":"轮询购买界面",
                "children":[
                    {
                        "type":"Selector",
                        "name":"购买工具界面",
                        "children":[
                            {
                                "type":"Inverter",
                                "name":"延时5ms",
                                "children":[
                                    {
                                        "type":"Action",
                                        "name":"延时",
                                        "Function":"延时",
                                        "params":1000
                                    }
                                ]
                            },
                            {
                                "点击空白区域@商店.点击空白区域":{}
                            },
                            {
                                
                                "type":"Condition",
                                "name":"点击工具标签页",
                                "Function":"点击颜色",
                                "params":"$点击工具标签页"
                            
                            },
                            {
                                "type":"Condition",
                                "name":"勾选全部",
                                "Function":"点击颜色",
                                "params":"$点击全部"
                            },
                            {
                                "点击结算流程@商店.点击结算流程":{}
                            },  
                            {
                                "type":"Condition",
                                "name":"点击批量购买",
                                "Function":"点击颜色",
                                "params":"$点击批量购买"
                            },
                            {
                                "type":"Condition",
                                "name":"点击确认购买",
                                "Function":"点击颜色",
                                "params":"$点击确认购买"
                            }
                        ]
                    }
                ] 
            },
            {
                "type":"RepeaterEX",
                "maxCount":20,
                "name":"轮询购买宠物界面",
                "children":[
                    {
                        "type":"Selector",
                        "name":"购买种子界面",
                        "children":[
                            {
                                "type":"Inverter",
                                "name":"延时5ms",
                                "children":[
                                    {
                                        "type":"Action",
                                        "name":"延时",
                                        "Function":"延时",
                                        "params":1000
                                    }
                                ]
                            },
                            {
                                "点击空白区域@商店.点击空白区域":{}
                            },
                            {
                                
                                "type":"Condition",
                                "name":"点击宠物标签页",
                                "Function":"点击颜色",
                                "params":"$点击宠物标签页"
                            
                            },
                            {
                                "type":"Condition",
                                "name":"勾选全部",
                                "Function":"点击颜色",
                                "params":"$点击全部"
                            },
                            {
                                "点击结算流程@商店.点击结算流程":{}
                            },  
                            {
                                "type":"Condition",
                                "name":"点击批量购买",
                                "Function":"点击颜色",
                                "params":"$点击批量购买"
                            },
                            {
                                "type":"Condition",
                                "name":"点击确认购买",
                                "Function":"点击颜色",
                                "params":"$点击确认购买"
                            }
                        ]
                    }
                ] 
            },
            {
                "type":"Action",
                "name":"计算下个周期",
                "Function":"下次周期点",
                "params":{
                    "变量":"小旋风商店",
                    "周期":3600
                }
            },
            {
                "轮询点击退出@奇迹.轮询点击退出":{}
            }
        ]
    },
    "点击结算流程":{
        "type":"Sequence",
        "name":"点击结算流程",
        "children":[
            {
                "type":"Condition",
                "name":"判断全部是否勾选",
                "Function":"区域多点找色",
                "params":"$已勾选全部"
            },
            {
                "type":"Selector",
                "name":"分析是否可购买",
                "children":[
                    {
                        "type":"Condition",
                        "name":"点击结算",
                        "Function":"点击颜色",
                        "params":"$点击结算"
                    },
                    {
                        "type":"Action",
                        "name":"结束轮询",
                        "Function":"跳出循环体",
                        "params":"结束购买操作"
                    }
                ]
            }
        ]
    },
    "点击空白区域":{
        "type":"Sequence",
        "name":"结束流程",
        "children":[
            {
                "点击空白区域@通用.点击空白区域":{}
            },
            {
                "type":"Action",
                "name":"结束轮询",
                "Function":"跳出循环体",
                "params":"结束轮询->购买种子"
            },
            {
                "type":"Action",
                "name":"延时2s",
                "Function":"延时",
                "params":500
            }
        ]
    },
    "执行购买流程":{
        "type":"Condition",
        "name":"执行购买流程",
        "Function":"执行购买流程",
        "params":{
            "等待时长":1000,
            "向下滚动":[1319,466, 1319,160, 1500],
            "商店":[171,19,251,77,"sdcard/元梦挂机脚本目录/图片/商店/商店.png",0.75],
            "购买按钮":[1064,82,1541,628, "sdcard/元梦挂机脚本目录/图片/商店/购买.png", "101010", 0, 0.9],
            "确定购买":[673,483,808,556,"sdcard/元梦挂机脚本目录/图片/商店/奇迹币.png",0.8],
            "品质映射表":["普通", "优秀", "稀有", "非凡", "臻藏", "史诗"],
            "图片名称列表":["普通.png", "优秀.png", "稀有.png", "非凡.png", "臻藏.png", "史诗.png"],
            "点击空白区域":[706,636,898,683,"sdcard/元梦挂机脚本目录/图片/通用/点击空白区域.png",0.85],
            "颜色":"b9b7b7-030303|85ba1a-030303|20a7f5-050505|ba58e8-050505|fd9726-050505|ff6375-050505",
            "文本识别区域偏移":{"x":-274, "y":-67, "宽度":239, "高度":40},
            "品质识别率":0.85,
            "循环次数":7,
            "品质图片表":{
                "普通":["sdcard/元梦挂机脚本目录/图片/商店/普通.png|sdcard/元梦挂机脚本目录/图片/商店/普通_1.png",0.85],
                "优秀":["sdcard/元梦挂机脚本目录/图片/商店/优秀.png",0.85],
                "稀有":["sdcard/元梦挂机脚本目录/图片/商店/稀有.png",0.85],
                "非凡":["sdcard/元梦挂机脚本目录/图片/商店/非凡.png",0.85],
                "臻藏":["sdcard/元梦挂机脚本目录/图片/商店/臻藏.png",0.85],
                "史诗":["sdcard/元梦挂机脚本目录/图片/商店/史诗.png",0.85]
            }
        }
    },
    "namespace":"商店"
}