{
    "基础":{
        "$点击提交果实":[528,603,748,672,"sdcard/元梦挂机脚本目录/图片/幻月任务/提交果实.png",0.9],

        "$是仓库界面":[0,0,187,96,"sdcard/元梦挂机脚本目录/图片/幻月任务/仓库.png",0.7],
        "$点击选择":[911,620,1119,690,"333333-101010","2|11|333333-101010|20|5|69623a|33|-3|333333-101010|10|-4|ffe74f-101010|-9|17|3b3a34-101010",0,0.95],
        "$有果实":[849,621,1181,685,"sdcard/元梦挂机脚本目录/图片/幻月任务/点击选中果实进行提交.png",0.9],

        "$判断商人类型":"a@幻月任务.是幻月任务商人"
    },
    "动作@幻月任务.基础":{
        "type":"Sequence",
        "name":"幻月任务",
        "children":[
            {
                "type":"Condition",
                "name":"出售条件",
                "Function":"比较变量",
                "params":["blackboard.data.可做幻月任务","==",true]
            },
            {
                "在奇迹农场@奇迹.进入奇迹场景":{}
            },
            {
                "找商人@幻月任务.寻找商人位置":{}
            },
            {
                "type":"Action",
                "name":"打印",
                "Function":"顺序函数",
                "params":[
                    ["print","\n-----开始做幻月任务----"],
                    ["log","开始做幻月任务"]
                ]
            },
            {
                "type":"RepeaterEX",
                "maxCount":25,
                "name":"扫描任务状态",
                "children":[
                    {
                        "type":"Selector",
                        "name":"分析任务状态",
                        "children":[
                            {
                                "type":"Inverter",
                                "name":"延时5ms",
                                "children":[
                                    {
                                        "type":"Action",
                                        "name":"延时",
                                        "Function":"延时",
                                        "params":500
                                    }
                                ]
                            },
                            {
                                "仓库界面@幻月任务.仓库界面":{}
                            },
                            {
                                "type":"Condition",
                                "name":"点击幻月积分",
                                "Function":"点击图片",
                                "params":"$点击提交果实"
                            },
                            {
                                "type":"Condition",
                                "name":"点击幻月积分",
                                "Function":"点击图片",
                                "params":"$点击幻月积分"
                            },
                            {
                                "type":"Sequence",
                                "name":"退出流程",
                                "children":[
                                    {
                                        "点击空白区域@通用.点击空白区域":{}
                                    },
                                    {
                                        "type":"Action",
                                        "name":"结束轮询",
                                        "Function":"跳出循环体",
                                        "params":"结束轮询->幻月任务"
                                    },
                                    {
                                        "type":"Action",
                                        "name":"延时2s",
                                        "Function":"延时",
                                        "params":1500
                                    }
                                ]
                            }
                        ]
                    }
                ]
            },
            {
                "type":"Action",
                "name":"设置果实可出售",
                "Function":"设置黑板数据",
                "params":{
                    "类型":"置黑板数据",
                    "键":"可出售果实",
                    "值":false
                }
            },
            {
               "轮询点击退出@奇迹.轮询点击退出":{}
            }
            
            
        ]
    },
    "仓库界面":{
        "type":"Sequence",
        "name":"仓库动作",
        "children":[
            {
                "type":"Condition",
                "name":"是仓库界面",
                "Function":"模板匹配找图",
                "params":"$是仓库界面"
            },
            {
                "type":"Selector",
                "name":"分析是否有果实",
                "children":[
                    {
                        "type":"Condition",
                        "name":"有果实",
                        "Function":"模板匹配找图",
                        "params":"$有果实"
                    },
                    {
                        "type":"Condition",
                        "name":"没有果实结束",
                        "Function":"跳出循环体",
                        "params":"没有果实，结束做幻月任务!!!"
                    }
                ]
            },
            {
                "type":"Selector",
                "name":"仓库界面",
                "children":[
                    {
                        "type":"Condition",
                        "name":"点击全部",
                        "Function":"点击颜色",
                        "params":"$点击选择"
                    },
                    {
                        "type":"Condition",
                        "name":"点击提交",
                        "Function":"点击图片",
                        "params":"$点击提交"
                    }
                ]
            }
            
        ] 
    },
    "寻找商人位置":{
        "type":"Sequence",
        "name":"找幻月任务商人流程",
        "children":[
            {   
                "复位@奇迹.前往活动区域":{}
            },
            {
                "type":"Selector",
                "name":"幻月任务",
                "children":[
                    {
                        "寻找商人位置@奇迹.寻找商人位置":{}
                    },
                    {
                        "type":"Sequence",
                        "name":"否则换位置",
                        "children":[
                            {
                                "type": "Action",
                                "name": "检查权重",
                                "Function":"权重",
                                "params": {
                                    "类型":"检查权重",
                                    "key":"幻月商人位置"
                                }
                            },
                            {
                                "type":"Inverter",
                                "name":"取反",
                                "children":[
                                    {
                                        "type":"Action",
                                        "name":"等待100",
                                        "Function":"延时",
                                        "params":100
                                    }
                                ]
                                
                            }
                        ]
                    }
                ]
            }
        ]
    },
    "是幻月任务商人":{
        "type":"Condition",
        "name":"是幻月任务商人",
        "Function":"点击图片",
        "params":"$点击幻月积分"
    },
    
    "namespace":"幻月任务"
}