{   
    "基础":{
        "$向奇迹入口滑动":[253,526,537,700,2600,1000],
        "$找图奇迹农场":[1085,664,1184,697,"sdcard/元梦挂机脚本目录/图片/奇迹农场/奇迹农场.png",0.8,[40,-40]],
        "$点击切换奇迹":[1130,599],
        
        "$点击幻月积分":[970,297,1246,353,"sdcard/元梦挂机脚本目录/图片/幻月任务/幻月积分.png",0.8],
        "$点击活动区域":[1289,104,1395,450,"f7605a-101010","1|3|f75750-101010|2|-6|f75750-101010|8|-6|f95853-101010|-13|-9|f6574d-101010|-2|-13|f8564f-101010|6|-1|fe5545-101010|-11|0|f75750-101010|3|2|f75750-101010|-12|5|f75750-101010",1,0.9],
        "$点击对话":[1143,364,1391,541,"sdcard/元梦挂机脚本目录/图片/奇迹农场/对话.png|sdcard/元梦挂机脚本目录/图片/奇迹农场/对话1.png",0.75,[55,50]],
        "$礼盒按钮":[1196,390,1323,519,"sdcard/元梦挂机脚本目录/图片/奇迹农场/送礼.png",0.8],

        "$点击魔法任务":[915,316,1293,467,"sdcard/元梦挂机脚本目录/图片/魔法任务/魔法任务.png",0.85,[48,17]],
        "$奖励说明":[961,422,1255,493,"sdcard/元梦挂机脚本目录/图片/缤纷任务/奖励说明.png",0.85],

        "$检查是否有果实":[867,625,1169,681,"333333","81|13|333333|250|13|333333|164|16|333333",0,0.8],
        "$判断商人类型":"a@奇迹.是幻月任务商人",

        "$点击打开仓库":[1507,116],
        "$点击出售":[1284,627,1399,677,"sdcard/元梦挂机脚本目录/图片/奇迹农场/出售.png",0.9],
        "$点击批量出售":[1148,627,1332,683,"sdcard/元梦挂机脚本目录/图片/奇迹农场/批量出售.png",0.9,[62,14]],
        "$点击果实":[1496,158,1545,234,"465560","15|15|f0f3f3|-9|-18|f0f3f3|16|-23|f0f3f3",0,0.9],
        "$勾选今日不再提醒":[716,355,757,397,"9b9da6","-10|-10|9b9da5|12|11|979ba6|-9|11|979ba6",1,0.9],
        "$果实标签页":[1486,142,1565,256,"sdcard/元梦挂机脚本目录/图片/奇迹农场/果实.png",0.9],

        
        "$在务农机状态_旧版":[56,24,107,72,"353736-010101","-9|-5|35352d-010101|4|8|feeb61-010101|18|-5|f8e96c-010101|-9|-6|32312c-010101|-21|2|fdee6f-010101",1,0.9],
        "$在务农机状态":[46,12,116,83,"ff602f-101010","-15|1|ffe770-101010|-3|20|ff5327-101010|-7|-16|ff7b29-101010|14|0|ff6837-101010|-23|-5|ff7e49-101010|-6|-5|ffe15f-101010",1,0.9],
        "$是在采集中":[701,191,888,247,"sdcard/元梦挂机脚本目录/图片/奇迹农场/自动采集中.png",0.7],
        "$监视收获按钮":[
            ["模板匹配找图_二值化",[1196,374,1321,520,"sdcard/元梦挂机脚本目录/图片/奇迹农场/收获.png",0.7,210]],
            ["滑动",[1260,454,1260,454,2000]]
            
        ],

        "$旋转视角":[1041,396,700,396,800],
        "$旋转视角1":[1041,396,800,396,4000],
        "$找商人位置1":[251,524,190,705,3000,3000],
        "$找商人位置2":[251,524,355,712,3000,3000],
        "$找商人位置3":[251,524,160,267,3000,3000],
        "$找商人位置4":[251,524,333,281,3000,3000],

        "$向前滑动":[250,525,250,300,700]
    },
    "动作@奇迹.基础":{
        "type":"Sequence",
        "name":"奇迹农场",
        "children":[
            {
                "收获奇迹果实@奇迹.收获奇迹果实":{}
            },
            {
                "type":"Inverter",
                "name":"购买宠物",
                "skip_resolve":"购买宠物",
                "children":[
                    {
                        "购买宠物@商店.购买宠物":{}
                    }
                ]
            },
            {
                "type":"Inverter",
                "name":"购买工具",
                "skip_resolve":"购买工具",
                "children":[
                    {
                        "购买工具@商店.购买工具":{}
                    }
                ]
            },
            {
                "type":"Inverter",
                "name":"购买种子",
                "skip_resolve":"购买种子",
                "children":[
                    {
                        "购买种子@商店.购买种子":{}
                    }
                ]
            },
            {
                "type":"Inverter",
                "name":"喂奇迹宠物",
                "skip_resolve":"喂奇迹宠物",
                "children":[
                    {
                        "喂奇迹宠物@奇迹.喂奇迹宠物":{}
                    }
                ]
            }
        ]
    },
    "奇迹采集设置":{
        "type":"Condition",
        "name":"奇迹采集设置",
        "Function":"采集设置自动化脚本",
        "params":{
            "配置数据":{
            "品质":[
                ["品质","区域多点找色", [467,273,582,334,"4beb91","-20|-10|4ce999|12|8|4beb91|4|-11|4beb91",1,0.9], [539,304], [1086,306]],
                ["普通","区域多点找色", [1232, 228, 1257, 258, "65edb1", "11|-11|65edb1|-5|4|3c3c3c|0|-12|3c3c3c", 1, 0.9], [1184,238]],
                ["优秀","区域多点找色", [1232, 278, 1257, 308, "65edb1", "11|-11|65edb1|-5|4|3c3c3c|0|-12|3c3c3c", 1, 0.9], [1182,290]],
                ["稀有","区域多点找色", [1232, 327, 1257, 357, "65edb1", "11|-11|65edb1|-5|4|3c3c3c|0|-12|3c3c3c", 1, 0.9], [1181,337]],
                ["非凡","区域多点找色", [1232, 376, 1257, 406, "65edb1", "11|-11|65edb1|-5|4|3c3c3c|0|-12|3c3c3c", 1, 0.9], [1180,388]],
                ["臻藏","区域多点找色", [1232, 426, 1257, 456, "65edb1", "11|-11|65edb1|-5|4|3c3c3c|0|-12|3c3c3c", 1, 0.9], [1183,437]],
                ["史诗","区域多点找色", [1232, 475, 1257, 505, "65edb1", "11|-11|65edb1|-5|4|3c3c3c|0|-12|3c3c3c", 1, 0.9], [1184,489]]
            ],
            "稀有度":[
                ["稀有度","区域多点找色",[471,341,581,407,"4beb91","-20|-10|4ce999|12|8|4beb91|4|-11|4beb91",1,0.9], [520,370], [1086,374]],
                ["金色","区域多点找色", [1225, 274, 1250, 304,"65edb1","11|-11|65edb1|-5|4|3c3c3c|0|-12|3c3c3c",1,0.9], [1180,296]],
                ["彩色","区域多点找色", [1225, 326, 1250, 356,"65edb1","11|-11|65edb1|-5|4|3c3c3c|0|-12|3c3c3c",1,0.9], [1181,352]],
                ["炫彩","区域多点找色", [1225, 379, 1250, 409,"65edb1","11|-11|65edb1|-5|4|3c3c3c|0|-12|3c3c3c",1,0.9], [1181,407]]
            ]
            },
            "等待时长":1000,
            "确定":[1064,136,1308,652,"sdcard/元梦挂机脚本目录/图片/奇迹农场/确定.png",0.9],
            "采集设置界面":[302,38,607,201,"sdcard/元梦挂机脚本目录/图片/奇迹农场/采集设置.png",0.8],
            "点击关闭设置":[1202,102],
            "采集设置齿轮":[1211,364,1311,440,"sdcard/元梦挂机脚本目录/图片/奇迹农场/采集设置齿轮.png",0.85,[28,13]],
            "id":1
            
        }
        
    },
    "轮询点击退出":{
        "type":"RepeaterEX",
        "maxCount":10,
        "name":"轮询5秒退出",
        "children":[
            {
                "type":"Selector",
                "name":"退出流程",
                "children":[
                    {
                        "type":"Inverter",
                        "name":"延时500ms",
                        "children":[
                            {
                                "type":"Action",
                                "name":"延时500ms",
                                "Function":"延时",
                                "params":500
                            }
                        ]
                    },
                    {
                        "点击后退@通用.点击后退":{}
                    },
                    {
                        "type":"Sequence",
                        "name":"退出流程",
                        "children":[
                            {
                                "是在主界面@通用.是在主界面":{}
                            },
                            {
                                "type":"Action",
                                "name":"跳出循环",
                                "Function":"跳出循环体",
                                "params":"-----> 退出 <-----"
                            }
                        ]
                    }
                ]

            }
        ]
    },
    "轮询对话":{
        "type":"Selector",
        "name":"点击对话策略",
        "children":[
            {
                "type":"Repeater",
                "maxCount":11,
                "name":"轮询对话5秒",
                "children":[
                    {
                        "type":"Sequence",
                        "name":"点击对话流程",
                        "children":[
                            {
                                "type":"Action",
                                "name":"延时500ms",
                                "Function":"延时",
                                "params":500
                            },
                            {
                                "type":"Condition",
                                "name":"点击对话",
                                "Function":"点击图片",
                                "params": "$点击对话"
                            }
                        ]
                    }
                ]
            },
            {
                "点击对话@通用.点击奇迹无人机":{"name":"点击对话位置"}
            }
        ]
    },
    "前往活动区域":{
        "type":"Sequence",
        "name":"前往活动区域",
        "children":[
            {
                "是在主界面@通用.是在主界面":{}
            },
            {
                "type":"Action",
                "name":"延时1秒",
                "Function":"延时",
                "params":1000
            },
            {
                "点击复位@通用.点击复位":{}
            },
            {
                "点击靶子@通用.点击靶子":{}
            },
            {
                "type":"Action",
                "name":"延时1s",
                "Function":"延时",
                "params":1200
            },
            {
                "type":"Condition",
                "name":"点击活动区域",
                "Function":"点击颜色",
                "params":"$点击活动区域"
            }
        ]
    },
    "进入奇迹场景":{
        "type":"Selector",
        "name":"回奇迹农场",
        "children":[
            {
                "是在奇迹内@通用.是在奇迹内":{}
            },
            {
                "在务农机状态中@奇迹.在务农机状态中":{}
            },
            {
                "type":"Sequence",
                "name":"从农场返回流程",
                "children":[
                    {
                        "是在农场内@通用.是在农场内":{}
                    },
                    {
                        "是在主界面@通用.是在主界面":{}
                    },
                    {
                        "点击复位@通用.点击复位":{}
                    },
                    {
                        "type": "Action",
                        "name": "向奇迹入口滑动",
                        "Function":"滑动",
                        "params": "$向奇迹入口滑动"
                    },
                    {
                        "点击通用按钮@通用.点击通用按钮":{}
                    },
                    {
                        "type": "Action",
                        "name": "延时3s",
                        "Function":"滑动",
                        "params": 3000
                    },
                    {
                        "是在奇迹内@通用.是在奇迹内":{}
                    }
                ]
            },
            {
                "type":"Sequence",
                "name":"从世界返回流程",
                "children":[
                    {
                        "是在主世界@通用.是在主世界":{}
                    },
                    {
                        "type":"Selector",
                        "name": "选择场景",
                        "children":[
                            {
                                "type":"Condition",
                                "name":"找图奇迹农场",
                                "Function":"模板匹配找图",
                                "params":"$找图奇迹农场"
                            },
                            {
                                "点击切换农场@通用.点击切换农场":{}
                            }
                        ]
                    },
                    {
                        "type": "Action",
                        "name": "延时3s",
                        "Function":"延时",
                        "params": 1000
                    },
                    {
                        "type":"Condition",
                        "name":"找图奇迹农场",
                        "Function":"点击图片",
                        "params":"$找图奇迹农场"
                    },
                    {
                        "type": "Action",
                        "name": "延时3s",
                        "Function":"延时",
                        "params": 3000
                    },
                    {
                        "是在奇迹内@通用.是在奇迹内":{}
                    }
                ]
            },
            {
                "type":"Sequence",
                "name":"点击后退流程",
                "children":[
                    {
                        "点击后退@通用.点击后退":{}
                    },
                    {
                        "是在奇迹内@通用.是在奇迹内":{}
                    },
                    {
                        "在主界面@通用.是在主界面":{}
                    }
                ]
            },
            {
                "清鱼卡界面@通用.清鱼卡界面":{}
            },
            {
                "type":"Sequence",
                "name":"在屋内返回屋外流程",
                "children":[
                    {
                        "是在屋内@通用.是在屋内":{}
                    },
                    {
                        "type":"Selector",
                        "name":"分析当前工作模式",
                        "children":[
                            {
                                "type":"Condition",
                                "name":"在空闲状态",
                                "Function":"是指定任务状态",
                                "params":"空闲"
                            },
                            {
                                "type":"Condition",
                                "name":"在空闲状态",
                                "Function":"是指定任务状态",
                                "params":"缤纷任务时间段"
                            }
                        ]
                    },
                    {
                        "点击复位@通用.点击复位":{}
                    },
                    {
                        "向屋外滑动@通用.向屋外滑动":{}
                    }
                ]
            }
                
        ]
    },
    "点击对话框":{
        "type":"Selector",
        "name":"点击对话框",
        "children":[
            {
                "type":"Sequence",
                "name":"处理送礼按钮",
                "children":[
                    {
                        "type":"Action",
                        "name":"等待1秒",
                        "Function":"延时",
                        "params":1000
                    },
                    {
                        "type":"Condition",
                        "name":"是送礼盒按钮",
                        "Function":"模板匹配找图",
                        "params":"$礼盒按钮"
                    },
                    {
                        "type":"Action",
                        "name":"监视对话按钮",
                        "Function":"启动线程",
                        "params":{
                            "执行函数":"点击图片",
                            "运行时长":16,
                            "参":[1194,393,1321,521,"sdcard/元梦挂机脚本目录/图片/奇迹农场/对话.png",0.75,[55,50]] 
                        }
                    },
                    {
                        "type":"RepeaterEX",
                        "name":"滑动3次",
                        "maxCount":3,
                        "children":[
                            {
                                "type":"Action",
                                "name":"旋转",
                                "Function":"滑动",
                                "params":"$旋转视角1"
                            }
                        ]
                    }
                ]
            },
            {
                "type":"Condition",
                "name":"点击对话",
                "Function":"点击图片",
                "params":[1194,393,1321,521,"sdcard/元梦挂机脚本目录/图片/奇迹农场/对话.png",0.75,[55,50],1000] 
            },
            {
                "type":"Condition",
                "name":"使用opencv再次检查",
                "Function":"顺序函数",
                "params":[
                    ["模板匹配找图_二值化",[1194,393,1321,521,"sdcard/元梦挂机脚本目录/图片/奇迹农场/对话.png",0.85,220]],
                    ["点击",[1259,456]]
                ]
            }
        ] 
    },
    "出售奇迹果实":{
        "type":"Sequence",
        "skip_resolve":"出售奇迹果实",
        "name":"出售果实流程",
        "children":[
            {
                "type":"Action",
                "name":"等待5秒",
                "Function":"延时",
                "params":5000
            },
            {   
                "type":"Action",
                "name":"打印消息",
                "Function":"log",
                "params":"开始出售奇迹果实"
            },
            {
                "type":"Action",
                "name":"打印消息",
                "Function":"print",
                "params":"---->开始出售奇迹果实<----"
            },
            {
                "type":"Action",
                "name":"打开仓库",
                "Function":"点击",
                "params":"$点击打开仓库"
            },
            {
                "type":"RepeaterEX",
                "name":"轮询出售库存",
                "maxCount":7,
                "children":[            
                    {
                        "type":"Selector",
                        "name":"出售货物动作",
                        "children":[
                            {
                                "type":"Inverter",
                                "name":"等待500毫秒",
                                "children":[
                                    {
                                        "type":"Action",
                                        "name":"延时500ms",
                                        "Function":"延时",
                                        "params":500
                                    }
                                ]   
                            },
                            {
                                "type":"Sequence",
                                "name":"结束出售流程",
                                "children":[
                                    {
                                        "点击空白区域@通用.点击空白区域":{}
                                    },
                                    {
                                        "type":"Action",
                                        "name":"结束轮询",
                                        "Function":"跳出循环体",
                                        "params":"结束轮询->出售果实"
                                    },
                                    {
                                        "type":"Action",
                                        "name":"延时1s",
                                        "Function":"延时",
                                        "params":1000
                                    }
                                ]
                            },
                            {
                                "type":"Condition",
                                "name":"点击果实",
                                "Function":"点击颜色",
                                "params":"$点击果实"
                            },
                            {
                                "type":"Sequence",
                                "name":"批量出售流程",
                                "children":[
                                    {
                                        "type":"Condition",
                                        "name":"是在果实标签页",
                                        "Function":"模板匹配找图",
                                        "params":"$果实标签页"
                                    },
                                    {
                                        "type":"Condition",
                                        "name":"点击批量出售",
                                        "Function":"点击图片",
                                        "params":"$点击批量出售"
                                    }
                                ]
                            },
                            {
                                "type":"Sequence",
                                "name":"点击出售流程",
                                "children":[
                                    {
                                        "type":"Selector",
                                        "name":"选择非活动",
                                        "children":[
                                            {
                                                "type":"Sequence",
                                                "name":"非活动流程",
                                                "children":[
                                                    {
                                                        "type":"Condition",
                                                        "name":"是缤纷时间段",
                                                        "Function":"比较变量",
                                                        "params":["是周末","==",true]
                                                    },
                                                    {
                                                        "type":"Condition",
                                                        "name":"用户选择了非活动",
                                                        "Function":"比较变量",
                                                        "params":["CFG.page1.选择出售模式","==","1"]
                                                    },
                                                    {
                                                        "type":"Action",
                                                        "name":"勾选非活动",
                                                        "Function":"点击颜色",
                                                        "params":[1102,570,1156,622,"dbd8d3-010101","12|-10|dbd8d3-010101|18|-9|dbd8d3-010101|5|8|dbd9d5-010101|-1|-1|dbd8d3-010101",1,0.9]
                                                    }
                                                ]
                                            },
                                            {
                                                "type":"Action",
                                                "name":"勾选全部",
                                                "Function":"点击颜色",
                                                "params":[1015,579,1048,609,"d4d4d4-010101","8|2|d4d5d5-010101|21|10|d4d5d5-010101|11|18|d4d5d5-010101|2|18|d4d5d6-010101",1,0.9]
                                            }
                                        ]
                                    },
                                    {
                                        "type":"Condition",
                                        "name":"点击出售",
                                        "Function":"点击图片_高级找图",
                                        "params":"$点击出售"
                                    }
                                ]
                            }
                            
                        ]
                    }
                    
                ]
            },
            {
                
                "轮询点击退出@奇迹.轮询点击退出":{}
            }
            
        ] 
    },
    "出售奇迹果实流程":{
        "type":"Sequence",
        "name":"出售奇迹果实流程",
        "children":[
            {
                "type":"Action",
                "name":"等待5秒",
                "Function":"延时",
                "params":5000
            },
            {
                "type":"Action",
                "name":"打印消息",
                "Function":"print",
                "params":"---->开始出售奇迹果实<----"
            },
            {
                "type":"Action",
                "name":"打开仓库",
                "Function":"点击",
                "params":"$点击打开仓库"
            },
            {
                "type":"Action",
                "name":"延时500ms",
                "Function":"延时",
                "params":1000
            },
            {
                "type":"Action",
                "name":"点击果实",
                "Function":"点击颜色",
                "params":"$点击果实"
            },
            {
                "type":"Action",
                "name":"延时500ms",
                "Function":"延时",
                "params":1000
            },
            {
                "type":"Action",
                "name":"点击批量出售",
                "Function":"点击图片",
                "params":"$点击批量出售"
            },
            {
                "type":"Action",
                "name":"延时500ms",
                "Function":"延时",
                "params":2000
            },
            {
                "type":"Selector",
                "name":"选择非活动",
                "children":[
                    {
                        "type":"Sequence",
                        "name":"非活动流程",
                        "children":[
                            {
                                "type":"Condition",
                                "name":"是缤纷时间段",
                                "Function":"在周末时间段"
                                
                            },
                            {
                                "type":"Condition",
                                "name":"用户选择了非活动",
                                "Function":"比较变量",
                                "params":["CFG.page1.选择出售模式","==","1"]
                            },
                            {
                                "type":"Action",
                                "name":"勾选非活动",
                                "Function":"点击颜色",
                                "params":[1102,570,1156,622,"dbd8d3-010101","12|-10|dbd8d3-010101|18|-9|dbd8d3-010101|5|8|dbd9d5-010101|-1|-1|dbd8d3-010101",1,0.9]
                            }
                        ]
                    },
                    {
                        "type":"Action",
                        "name":"勾选全部",
                        "Function":"点击颜色",
                        "params":[1015,579,1048,609,"d4d4d4-010101","8|2|d4d5d5-010101|21|10|d4d5d5-010101|11|18|d4d5d5-010101|2|18|d4d5d6-010101",1,0.9]
                    }
                ]
            },
            {
                "type":"Action",
                "name":"延时500ms",
                "Function":"延时",
                "params":1000
            },
            {
                "type":"Action",
                "name":"点击出售",
                "Function":"点击图片_高级找图",
                "params":"$点击出售"
            },
            {
                "type":"Action",
                "name":"延时500ms",
                "Function":"延时",
                "params":1500
            },
            {
                "点击空白区域@通用.点击空白区域":{}
            },
            {
                "点击后退@通用.点击后退":{}
            }
        ]
    },
    "收获奇迹果实":{
        "type":"Inverter",
        "name":"收获果实",
        "skip_resolve":"收获奇迹果实",
        "children":[
            {
                "type":"Sequence",
                "name":"收获果实流程",
                "children":[
                    {
                        "type":"Condition",
                        "name":"查看时间",
                        "Function":"定时器EX",
                        "params":{
                            "页":"page0",
                            "控件名":"奇迹农场收获间隔",
                            "id":"奇迹收获间隔",
                            "类型":2
                        }
                    },
                    {
                        "type":"Condition",
                        "name":"在空闲状态",
                        "Function":"是指定任务状态",
                        "params":"收获奇迹果实"
                    },
                    {
                        "进入奇迹场景@奇迹.进入奇迹场景":{}
                    },
                    {
                        "type":"Action",
                        "name":"设置当前任务",
                        "Function":"更新任务状态",
                        "params":"收获奇迹果实"
                    },
                    {
                        "type":"Selector",
                        "name":"收获策略选择",
                        "children":[
                            {
                                "收获流程有月卡版@奇迹.收获流程有月卡版":{}
                            },
                            {
                                "收获果实无月卡版@奇迹.收获果实无月卡版-务农机版本":{}
                            }
                        ]
                    },
                    {
                        "type":"Action",
                        "name":"置定时器开始计时",
                        "Function":"定时器EX",
                        "params":{
                            "页":"page0",
                            "控件名":"奇迹农场收获间隔",
                            "id":"奇迹收获间隔",
                            "类型":3
                        }
                    },
                    {
                        "type":"Action",
                        "name":"设置当前任务",
                        "Function":"更新任务状态",
                        "params":"空闲"
                    },
                    {
                        "type":"Action",
                        "name":"打印消息",
                        "Function":"log",
                        "params":"收获果实完成"
                    },
                    {
                        "出售奇迹果实@奇迹.出售奇迹果实":{}
                    }

                ]
            }
        ]
    },
    "收获流程有月卡版":{
        "type":"Sequence",
        "name":"收获有月卡流程",
        "skip_resolve":"奇迹月卡",
        "children":[
            {
                "type":"Condition",
                "name":"获取月卡状态",
                "Function":"获取月卡状态",
                "params":"奇迹月卡"
            },
            {
                "点击后退@通用.点击后退":{"type":"Action"}
            },
            {
                "点击复位@通用.点击复位":{}
            },
            {
                "type":"Action",
                "name":"等待3",
                "Function":"延时",
                "params":3000
            },
            {
                "向小旋风滑动@通用.向小旋风滑动":{}
            },
            {
                "type":"Action",
                "name":"打印消息",
                "Function":"顺序函数",
                "params":[
                    ["log","开始收获奇迹果实"],
                    ["print","\n------收获奇迹果实-----"]
                ]
            },
            {
                "奇迹采集设置@奇迹.奇迹采集设置":{"params":{"id":2}}
            },
            {
                "点击奇迹无人机@通用.点击奇迹无人机":{}
            },
            {
                "type":"Action",
                "name":"等待1.5秒",
                "Function":"延时",
                "params":1500
            },
            {
                "type":"Selector",
                "name":"是否有提示界面",
                "children":[
                    {
                        "type":"Sequence",
                        "name":"关闭提示界面流程",
                        "children":[
                            {
                                "有提示界面@通用.有提示界面":{}
                            },
                            {
                                "type":"Action",
                                "name":"勾选今日不再提醒",
                                "Function":"点击颜色",
                                "params":"$勾选今日不再提醒"
                            },
                            {
                                "type":"Action",
                                "name":"延时0.3秒",
                                "Function":"延时",
                                "params":300
                            },
                            {
                                "点击确定@通用.点击确定":{}
                            }

                        ]
                    },
                    {
                        "type":"Action",
                        "name":"打印信息",
                        "Function":"log",
                        "params":"收获完成"
                    }
                ]
            }
            
        ]
    },
    "收获果实无月卡版":{
        "type":"Sequence",
        "name":"收获果实无月卡流程",
        "children":[
            {
                "type":"Inverter",
                "name":"没有月卡执行",
                "children":[
                    {
                       "type":"Condition",
                        "name":"获取月卡状态",
                        "Function":"获取月卡状态",
                        "params":"奇迹月卡" 
                    }
                ]
            },
            {
                "type":"Selector",
                "name":"分析是否采集",
                "children":[
                    {
                        "type":"Sequence",
                        "name":"在收获流程",
                        "children":[
                            {
                                "type":"Condition",
                                "name":"是在采集中",
                                "Function":"模板匹配找图",
                                "params":"$是在采集中"
                            },
                            {
                                "type":"Action",
                                "name":"权重累加",
                                "Function":"权重",
                                "params":{"类型":"置权重","key":"收获果实失败次数"}
                            },
                            {
                                "type":"SelectorByVariable",
                                "name":"执行收获流程",
                                "defaultIndex":1,
                                "key":"收获奇迹果实位置变更",
                                "children":[
                                    {
                                        "type":"Action",
                                        "name":"执行自动精灵脚本",
                                        "Function":"执行自动精灵脚本动作",
                                        "params":"/sdcard/自动精灵/务农机收获左边1.zjs"
                                    },
                                    {
                                        "type":"Action",
                                        "name":"执行自动精灵脚本",
                                        "Function":"执行自动精灵脚本动作",
                                        "params":"/sdcard/自动精灵/务农机收获左边2.zjs"
                                    },
                                    {
                                        "type":"Action",
                                        "name":"执行自动精灵脚本",
                                        "Function":"执行自动精灵脚本动作",
                                        "params":"/sdcard/自动精灵/务农机收获左边3.zjs"
                                    },
                                    {
                                        "type":"Action",
                                        "name":"执行自动精灵脚本",
                                        "Function":"执行自动精灵脚本动作",
                                        "params":"/sdcard/自动精灵/务农机收获右边1.zjs"
                                    },
                                    {
                                        "type":"Action",
                                        "name":"执行自动精灵脚本",
                                        "Function":"执行自动精灵脚本动作",
                                        "params":"/sdcard/自动精灵/务农机收获右边2.zjs"
                                    },
                                    {
                                        "type":"Action",
                                        "name":"执行自动精灵脚本",
                                        "Function":"执行自动精灵脚本动作",
                                        "params":"/sdcard/自动精灵/务农机收获右边3.zjs"
                                    }
                                    
                                ]
                            },
                            {
                                "type":"Condition",
                                "name":"权重累加",
                                "Function":"权重",
                                "params":{"key":"收获奇迹果实位置变更","最大值":7,"最小值":1}
                            }
                        ]
                    },
                    {
                        "启动采集流程@奇迹.启动采集流程":{}
                    }
                ]
            }
        ]
    },
    "收获果实无月卡版-务农机版本":{
        "type":"Sequence",
        "name":"收获果实无月卡流程",
        "skip_resolve":"务农机收获",
        "children":[
            {
                "type":"Inverter",
                "name":"没有月卡执行",
                "children":[
                    {
                       "type":"Condition",
                        "name":"获取月卡状态",
                        "Function":"获取月卡状态",
                        "params":"奇迹月卡" 
                    }
                ]
            },
            {
                "type":"Action",
                "name":"设置位置",
                "Function":"setval",
                "params":["blackboard.data.在采集状态中",false]
            },
            {
                "type":"Selector",
                "name":"分析是否采集",
                "children":[
                    {
                        "在采集状态下@奇迹.在采集状态下务农机版本":{}
                    },
                    {
                        "启动采集流程@奇迹.务农机状态启动采集":{}
                    },
                    {
                        "进入务农机状态@奇迹.进入务农机状态":{}
                    }
                ]
            },
            {
                "点击后退@通用.点击后退":{}
            }
        ]
    },
    
    "寻找商人位置":{
        "type":"SelectorByVariable",
        "name":"找商人流程",
        "defaultIndex":1,
        "key":"幻月商人位置",
        "children":[
            {
                "type":"Sequence",
                "name":"第一个位置",
                "children":[
                    {
                        "type": "Action",
                        "name": "位置1",
                        "Function":"滑动",
                        "params": "$找商人位置1"
                    },
                    {
                        "type": "Action",
                        "name": "滑动屏幕",
                        "Function":"滑动",
                        "params": "$旋转视角"
                    },
                    {
                        "点击对话框@奇迹.点击对话框":{}
                    },
                    {
                       "type":"Repeater",
                        "name":"4秒轮询分析商人",
                        "maxCount":8,
                        "children":[
                            {
                                "type":"Selector",
                                "name":"分析npc",
                                "children":[
                                    {
                                        "type":"Sequence",
                                        "name":"是幻月商人",
                                        "children":[
                                            {
                                                "type":"Condition",
                                                "name":"是幻月商人",
                                                "Function":"模板匹配找图",
                                                "params":"$点击幻月积分"
                                            },
                                            {
                                                "type":"Action",
                                                "name":"设置位置",
                                                "Function":"setval",
                                                "params":["blackboard.data.幻月商人位置",1]
                                            },
                                            {
                                                "type":"Action",
                                                "name":"弹出消息",
                                                "Function":"log",
                                                "params":"是幻月商人"
                                            }
                                        ]
                                    },
                                    {
                                        "type":"Sequence",
                                        "name":"是缤纷任务商人",
                                        "children":[
                                            {
                                                "type":"Condition",
                                                "name":"是缤纷商人位置",
                                                "Function":"模板匹配找图",
                                                "params":"$奖励说明"
                                            },
                                            {
                                                "type":"Action",
                                                "name":"设置位置",
                                                "Function":"setval",
                                                "params":["blackboard.data.缤纷任务位置",1]
                                            },
                                            {
                                                "type":"Action",
                                                "name":"弹出消息",
                                                "Function":"log",
                                                "params":"是缤纷商人"
                                            }
                                        ]
                                    },
                                    {
                                        "type":"Inverter",
                                        "name":"延时5ms",
                                        "children":[
                                            {
                                                "type":"Action",
                                                "Function":"延时",
                                                "params":500
                                            }
                                        ]
                                    }
                                ]
                            }
                        ]
                    },
                    "$判断商人类型"
                ]
            },
            {
                "type":"Sequence",
                "name":"第二个位置",
                "children":[
                    {
                        "type": "Action",
                        "name": "位置2",
                        "Function":"滑动",
                        "params": "$找商人位置2"
                    },
                    {
                        "type": "Action",
                        "name": "滑动屏幕",
                        "Function":"滑动",
                        "params": "$旋转视角"
                    },
                    {
                        "点击对话框@奇迹.点击对话框":{}
                    },
                    {
                       "type":"Repeater",
                        "name":"4秒轮询分析商人",
                        "maxCount":8,
                        "children":[
                            {
                                "type":"Selector",
                                "name":"分析npc",
                                "children":[
                                    {
                                        "type":"Sequence",
                                        "name":"是幻月商人",
                                        "children":[
                                            {
                                                "type":"Condition",
                                                "name":"是幻月商人",
                                                "Function":"模板匹配找图",
                                                "params":"$点击幻月积分"
                                            },
                                            {
                                                "type":"Action",
                                                "name":"设置位置",
                                                "Function":"setval",
                                                "params":["blackboard.data.幻月商人位置",2]
                                            },
                                            {
                                                "type":"Action",
                                                "name":"弹出消息",
                                                "Function":"log",
                                                "params":"是幻月商人"
                                            }
                                        ]
                                    },
                                    {
                                        "type":"Sequence",
                                        "name":"是缤纷任务商人",
                                        "children":[
                                            {
                                                "type":"Condition",
                                                "name":"是缤纷商人位置",
                                                "Function":"模板匹配找图",
                                                "params":"$奖励说明"
                                            },
                                            {
                                                "type":"Action",
                                                "name":"设置位置",
                                                "Function":"setval",
                                                "params":["blackboard.data.缤纷任务位置",2]
                                            },
                                            {
                                                "type":"Action",
                                                "name":"弹出消息",
                                                "Function":"log",
                                                "params":"是缤纷商人"
                                            }
                                        ]
                                    },
                                    {
                                        "type":"Inverter",
                                        "name":"延时5ms",
                                        "children":[
                                            {
                                                "type":"Action",
                                                "Function":"延时",
                                                "params":500
                                            }
                                        ]
                                    }
                                ]
                            }
                        ]
                    },
                    "$判断商人类型"
                ]
            },
            {
                "type":"Sequence",
                "name":"第三个位置",
                "children":[
                    {
                        "type": "Action",
                        "name": "位置3",
                        "Function":"滑动",
                        "params": "$找商人位置3"
                    },
                    {
                        "点击对话框@奇迹.点击对话框":{}
                    },
                    {
                       "type":"Repeater",
                        "name":"4秒轮询分析商人",
                        "maxCount":8,
                        "children":[
                            {
                                "type":"Selector",
                                "name":"分析npc",
                                "children":[
                                    {
                                        "type":"Sequence",
                                        "name":"是幻月商人",
                                        "children":[
                                            {
                                                "type":"Condition",
                                                "name":"是幻月商人",
                                                "Function":"模板匹配找图",
                                                "params":"$点击幻月积分"
                                            },
                                            {
                                                "type":"Action",
                                                "name":"设置位置",
                                                "Function":"setval",
                                                "params":["blackboard.data.幻月商人位置",3]
                                            },
                                            {
                                                "type":"Action",
                                                "name":"弹出消息",
                                                "Function":"log",
                                                "params":"是幻月商人"
                                            }
                                        ]
                                    },
                                    {
                                        "type":"Sequence",
                                        "name":"是缤纷任务商人",
                                        "children":[
                                            {
                                                "type":"Condition",
                                                "name":"是缤纷商人位置",
                                                "Function":"模板匹配找图",
                                                "params":"$奖励说明"
                                            },
                                            {
                                                "type":"Action",
                                                "name":"设置位置",
                                                "Function":"setval",
                                                "params":["blackboard.data.缤纷任务位置",3]
                                            },
                                            {
                                                "type":"Action",
                                                "name":"弹出消息",
                                                "Function":"log",
                                                "params":"是缤纷商人"
                                            }
                                        ]
                                    },
                                    {
                                        "type":"Inverter",
                                        "name":"延时5ms",
                                        "children":[
                                            {
                                                "type":"Action",
                                                "Function":"延时",
                                                "params":500
                                            }
                                        ]
                                    }
                                ]
                            }
                        ]
                    },
                    "$判断商人类型"
                ]
            },
            {
                "type":"Sequence",
                "name":"第四个位置",
                "children":[
                    {
                        "type": "Action",
                        "name": "位置4",
                        "Function":"滑动",
                        "params": "$找商人位置4"
                    },
                    {
                        "点击对话框@奇迹.点击对话框":{}
                    },
                    {
                       "type":"Repeater",
                        "name":"4秒轮询分析商人",
                        "maxCount":8,
                        "children":[
                            {
                                "type":"Selector",
                                "name":"分析npc",
                                "children":[
                                    {
                                        "type":"Sequence",
                                        "name":"是幻月商人",
                                        "children":[
                                            {
                                                "type":"Condition",
                                                "name":"是幻月商人",
                                                "Function":"模板匹配找图",
                                                "params":"$点击幻月积分"
                                            },
                                            {
                                                "type":"Action",
                                                "name":"设置位置",
                                                "Function":"setval",
                                                "params":["blackboard.data.幻月商人位置",4]
                                            },
                                            {
                                                "type":"Action",
                                                "name":"弹出消息",
                                                "Function":"log",
                                                "params":"是幻月商人"
                                            }
                                        ]
                                    },
                                    {
                                        "type":"Sequence",
                                        "name":"是缤纷任务商人",
                                        "children":[
                                            {
                                                "type":"Condition",
                                                "name":"是缤纷商人位置",
                                                "Function":"模板匹配找图",
                                                "params":"$奖励说明"
                                            },
                                            {
                                                "type":"Action",
                                                "name":"设置位置",
                                                "Function":"setval",
                                                "params":["blackboard.data.缤纷任务位置",4]
                                            },
                                            {
                                                "type":"Action",
                                                "name":"弹出消息",
                                                "Function":"log",
                                                "params":"是缤纷商人"
                                            }
                                        ]
                                    },
                                    {
                                        "type":"Inverter",
                                        "name":"延时5ms",
                                        "children":[
                                            {
                                                "type":"Action",
                                                "Function":"延时",
                                                "params":500
                                            }
                                        ]
                                    }
                                ]
                            }
                        ]
                    },
                    "$判断商人类型"
                ]
            }
            
        ]
    },
    "是幻月任务商人":{
        "type":"Condition",
        "name":"是幻月任务商人",
        "Function":"模板匹配找图",
        "params":"$点击幻月积分"
    },
    "收获流程无月卡小旋风":{
        "type":"Sequence",
        "name":"收获无月卡小旋风",
        "skip_resolve":"奇迹月卡",
        "children":[
            {
                "type":"Inverter",
                "name":"无月卡动作",
                "children":[
                    {
                        "type":"Condition",
                        "name":"获取月卡状态",
                        "Function":"获取月卡状态",
                        "params":"奇迹月卡"
                    }
                ]
            },
            {
                "type":"Condition",
                "name":"时间到了",
                "Function":"时间到了",
                "params":"收获流程无月卡小旋风"
            },
            {
                "向小旋风滑动@通用.向小旋风滑动":{}
            },
            {
                "奇迹采集设置@奇迹.奇迹采集设置":{"params":{"id":2}}
            },
            {
                "点击奇迹无人机@通用.点击奇迹无人机":{}
            },
            {
                "type":"Condition",
                "name":"获取最近时间戳",
                "Function":"获取最近时间戳",
                "params":{
                    "键":"收获流程无月卡小旋风"
                }
            },
            {
                "type":"Action",
                "name":"等待1.5秒",
                "Function":"延时",
                "params":1500
            },
            {
                "type":"Selector",
                "name":"是否有提示界面",
                "children":[
                    {
                        "type":"Sequence",
                        "name":"关闭提示界面流程",
                        "children":[
                            {
                                "有提示界面@通用.有提示界面":{}
                            },
                            {
                                "type":"Action",
                                "name":"勾选今日不再提醒",
                                "Function":"点击颜色",
                                "params":"$勾选今日不再提醒"
                            },
                            {
                                "type":"Action",
                                "name":"延时0.3秒",
                                "Function":"延时",
                                "params":300
                            },
                            {
                                "点击确定@通用.点击确定":{}
                            }

                        ]
                    },
                    {
                        "type":"Action",
                        "name":"打印信息",
                        "Function":"log",
                        "params":"收获完成"
                    }
                ]
            }
            
        ]
    },
    
    "喂奇迹宠物":{
        "type":"Sequence",
        "name":"喂奇迹宠物",
        "children":[
            {
            
                "type":"Condition",
                "name":"在空闲状态",
                "Function":"是指定任务状态",
                "params":"喂奇迹宠物"
            },
            {
                "type":"Condition",
                "name":"定时器8小时",
                "Function":"定时器",
                "params":["喂奇迹宠物",28800]
            },
            {
                "进入奇迹场景@奇迹.进入奇迹场景":{}
            },
            {
                "type":"Action",
                "name":"打印消息",
                "Function":"log",
                "params":"开始喂养奇迹宠物"
            },
            {
                "点击复位@通用.点击复位":{}
            },
            {
                "type":"Action",
                "name":"向宠物管理台滑动",
                "Function":"滑动",
                "params":[250,525,8,460,2100,1000]
            },
            {
                "type":"Action",
                "name":"点击宠物管理",
                "Function":"点击",
                "params":[1259,459,500]
            },
            {
                "type":"Action",
                "name":"点击喂养",
                "Function":"点击",
                "params":[1293,642,2000]
            },
            {
                "type":"Action",
                "name":"等待1",
                "Function":"延时",
                "params":1000
            },
            {
                "点击确定@通用.点击确定":{}
            },
            {
                "type":"Action",
                "name":"等待1",
                "Function":"延时",
                "params":1000
            },
            {
                "点击后退@通用.点击后退":{}
            }
        ]
    },
    "在采集状态下务农机版本":{
        "type":"Sequence",
        "name":"在收获流程",
        "children":[
            {
                "type":"Condition",
                "name":"是在采集中",
                "Function":"模板匹配找图",
                "params":"$是在采集中"
            },
            {
                "type":"Action",
                "name":"设置位置",
                "Function":"setval",
                "params":["blackboard.data.在采集状态中",true]
            },
            {
                "type":"Selector",
                "name":"30内无变化强行移动",
                "children":[
                    {
                        "位图是否有变化@奇迹.位图是否有变化":{}
                    },
                    {
                        "type":"Condition",
                        "name":"位图未变化权重加1",
                        "Function":"权重",
                        "params":{"最大值":16,"key":"位图未变化次数"}
                    }
                ]
            },
            {
                "type":"Action",
                "name":"权重归零",
                "Function":"权重",
                "params":{"类型":"置权重","key":"位图未变化次数"}
            },
            {
                "type":"Action",
                "name":"打印信息",
                "Function":"log",
                "params":"当前移动步数：+%blackboard.data.奇迹移动步数"
            },
            {
                "type":"Action",
                "name":"权重累加",
                "Function":"权重",
                "params":{"类型":"置权重","key":"启动采集失败次数"}
            },
            {
                "type":"SelectorByVariable",
                "name":"执行收获流程",
                "defaultIndex":1,
                "key":"收获奇迹果实位置变更",
                "children":[
                    {
                        "type":"Sequence",
                        "name":"收获左边果实流程",
                        "children":[
                            {
                                "分析移动步数@奇迹.务农及收获右边":{}
                            },
                            {
                                "type":"Condition",
                                "name":"权重累加",
                                "Function":"权重",
                                "params":{"key":"奇迹移动步数","最大值":14,"最小值":1}
                            }
                        ]

                    },
                    {
                        "type":"Sequence",
                        "name":"收获左边果实流程",
                        "children":[
                            {
                                "分析移动步数@奇迹.务农机收获左边":{}
                            },
                            {
                                "type":"Condition",
                                "name":"权重累加",
                                "Function":"权重",
                                "params":{"key":"奇迹移动步数","最大值":17,"最小值":1}
                            }
                        ]

                    }
                ]
            },
            {
                "type":"Condition",
                "name":"权重累加",
                "Function":"权重",
                "params":{"key":"收获奇迹果实位置变更","最大值":3,"最小值":1}
            }
        ]
    },
    "务农机状态启动采集":{
        "type":"Sequence",
        "name":"在务农状态不在采集中流程",
        "children":[
            {
                "type":"Condition",
                "name":"不在务农机状态中",
                "Function":"比较变量",
                "params":["blackboard.data.在采集状态中","~=",true]
            },
            {
                "在务农机状态中@奇迹.在务农机状态中":{}
            },
            {
                "点击复位@通用.点击复位":{}
            },
            {
                "type":"Action",
                "name":"向前移动一段",
                "Function":"滑动",
                "params":[250,525,250,290,700]
            },
            {
                "type":"Action",
                "name":"监视对话按钮",
                "Function":"启动线程",
                "params":{
                    "执行函数":"顺序函数",
                    "运行时长":8,
                    "参":"$监视收获按钮"
                }
            },
            {
                "type":"Action",
                "name":"等待1s",
                "Function":"延时",
                "params":1000
            },
            {
                "type":"SelectorByVariable",
                "name":"执行收获流程",
                "defaultIndex":1,
                "key":"启动采集失败次数",
                "children":[
                    {
                        "type":"Action",
                        "name":"滑动屏幕",
                        "Function":"滑动",
                        "params":[800,287,600,250,5000]
                    },
                    {
                        "type":"Action",
                        "name":"滑动屏幕",
                        "Function":"滑动",
                        "params":[800,288,650,200,7000]
                    },
                    {
                        "type":"Action",
                        "name":"滑动屏幕",
                        "Function":"滑动",
                        "params":[800,287,960,210,7000]
                    },
                    {
                        "type":"Sequence",
                        "name":"第四次",
                        "children":[
                            {
                                "type":"Action",
                                "name":"滑动屏幕",
                                "Function":"滑动",
                                "params":[1336,272,1336,79,2500]
                            },
                            {
                                "type":"Action",
                                "name":"滑动屏幕",
                                "Function":"滑动",
                                "params":[250,525,100,290,1500,1000]
                            },
                            {
                                "type":"Action",
                                "name":"滑动屏幕",
                                "Function":"滑动",
                                "params":[800,287,800,370,5000,1000]
                            }
                        ]
                    }
                ]
            },
            {
                "type":"Action",
                "name":"等待2s",
                "Function":"延时",
                "params":2000
            },
            {
                "type":"Condition",
                "name":"权重累加",
                "Function":"权重",
                "params":{"key":"启动采集失败次数","最大值":4,"最小值":1}
            }
        ]
    },
    "进入务农机状态":{
        "type":"Sequence",
        "name":"进入务农状态",
        "children":[
            {
                "type":"Condition",
                "name":"不在采集中",
                "Function":"比较变量",
                "params":["blackboard.data.在采集状态中","~=",true]
            },
            {
                "type":"Inverter",
                "name":"不在务农机状态中",
                "children":[
                    {
                        "在务农机状态中@奇迹.在务农机状态中":{}
                    }
                ]
            },
            {
                "type":"Action",
                "name":"打印消息",
                "Function":"log",
                "params": "正在进入务农机状态"
            },
            {
                "点击复位@通用.点击复位":{}
            },
            {
                "type":"Action",
                "name":"进入务农状态",
                "Function":"点击",
                "params": [1386,390,3000]
            },
            {
                "type":"Action",
                "name":"权重累加",
                "Function":"权重",
                "params":{"类型":"置权重","key":"收获奇迹果实位置变更"}
            },
            {
                "type":"Action",
                "name":"权重累加",
                "Function":"权重",
                "params":{"类型":"置权重","key":"奇迹移动步数"}
            },
            {
                "type":"Inverter",
                "name":"取反",
                "children":[
                    {
                        "type":"Action",
                        "name":"等待",
                        "Function":"延时",
                        "params": 2000
                    }
                ]
            }
            
            
        ]
    },
    "务农机收获左边":{
        "type":"Selector",
        "name":"移动步数分析",
        "children":[
            {
                "type":"Sequence",
                "name":"在收获流程",
                "children":[
                    {
                        "type":"Condition",
                        "name":"移动步数判断",
                        "Function":"比较变量",
                        "params":["blackboard.data.奇迹移动步数","==",1]
                    },
                    {
                        "点击复位@通用.点击复位":{}
                    },
                    {
                        "type":"Action",
                        "name":"低头滑动",
                        "Function":"滑动",
                        "params":[800,290,800,580,1000,1000]
                    },
                    {
                        "type":"Action",
                        "name":"向上滑动",
                        "Function":"滑动",
                        "params":[1336,177,1336,0,4000,1000]
                    },
                    {
                        "type":"Action",
                        "name":"向左滑动",
                        "Function":"滑动",
                        "params":[250,525,50,525,1500,1000]
                    },
                    {
                        "type":"Action",
                        "name":"抬头滑动",
                        "Function":"滑动",
                        "params":[800,290,800,180,2000,1000]
                    }
                ]
            },
            {
                "type":"Sequence",
                "name":"在收获流程",
                "children":[
                    {
                        "type":"Condition",
                        "name":"移动步数判断",
                        "Function":"比较变量",
                        "params":["blackboard.data.奇迹移动步数","==",9]
                    },
                    {
                        "type":"Action",
                        "name":"抬头滑动",
                        "Function":"滑动",
                        "params":[800,290,800,180,2000]
                    }
                ]
            },
            {
                "type":"Sequence",
                "name":"在收获流程",
                "children":[
                    {
                        "type":"Condition",
                        "name":"移动步数判断",
                        "Function":"比较变量",
                        "params":["blackboard.data.奇迹移动步数","==",10]
                    },
                    {
                        "type":"Action",
                        "name":"抬头滑动",
                        "Function":"滑动",
                        "params":[800,290,800,200,2000]
                    }
                ]
            },
            {
                "type":"Sequence",
                "name":"在收获流程",
                "children":[
                    {
                        "type":"Condition",
                        "name":"移动步数判断",
                        "Function":"比较变量",
                        "params":["blackboard.data.奇迹移动步数","==",12]
                    },
                    {
                        "type":"Action",
                        "name":"低头滑动",
                        "Function":"滑动",
                        "params":[800,290,800,500,3000]
                    }
                ]
            },
            {
                "type":"Action",
                "name":"向前滑动",
                "Function":"滑动",
                "params":"$向前滑动"
            }
            
        ]
    },
    "务农及收获右边":{
        "type":"Selector",
        "name":"移动步数分析",
        "children":[
            {
                "type":"Sequence",
                "name":"归位右边流程",
                "children":[
                    {
                        "type":"Condition",
                        "name":"移动步数判断",
                        "Function":"比较变量",
                        "params":["blackboard.data.奇迹移动步数","==",1]
                    },
                    {
                        "点击复位@通用.点击复位":{}
                    },
                    {
                        "type":"Action",
                        "name":"低头滑动",
                        "Function":"滑动",
                        "params":[800,290,800,580,1000,1000]
                    },
                    {
                        "type":"Action",
                        "name":"向上滑动",
                        "Function":"滑动",
                        "params":[1336,177,1336,0,4000,1000]
                    },
                    {
                        "type":"Action",
                        "name":"向右滑动",
                        "Function":"滑动",
                        "params":[250,525,490,525,1500,1000]
                    },
                    {
                        "type":"Action",
                        "name":"抬头滑动",
                        "Function":"滑动",
                        "params":[800,290,800,180,2000,1000]
                    }
                ]
            },
            {
                "type":"Action",
                "name":"向前滑动",
                "Function":"滑动",
                "params":"$向前滑动"
            }
            
        ]
    },
    "位图是否有变化":{
        "type":"Condition",
        "name":"位图是否有变化",
        "Function":"位图是否有变化",
        "params":{
            "识别区域":[918,171,1050,242],
            "二值化最小值":150,
            "二值化最大值":190,
            "相似度":0.8,
            "间隔":2000
        }
    },
    "在务农机状态中Ex":{
        "type":"Condition",
        "name":"在奇迹世界里",
        "Function":"区域多点找色",
        "params":[1476,643,1530,698,"f1f1f1-101010","8|16|fefefe-101010|-9|23|f9f9f9-101010|0|-4|fdfdfd-101010|6|4|ffffff-101010|-7|-4|fefefe-101010|-14|-2|f9f9f9-101010|6|20|e9eaeb-101010|-8|23|f9f9f9-101010|-9|-3|ffffff-101010|9|14|f1f1f2-101010|-4|-5|fcfcfc-101010|-4|22|ffffff-101010|9|-2|fdfdfd-101010|2|1|ffffff-101010|7|5|ffffff-101010|-14|13|fbfbfb-101010|-7|22|fdfdfd-101010|8|2|ffffff-101010|5|-2|ffffff-101010|-3|-5|f9f9fa-101010|6|1|ffffff-101010|-7|20|d3d4d5-101010|-15|-1|fcfcfd-101010|-13|-3|eeeeee-101010|-12|-2|ffffff-101010|-18|3|f3f4f4-101010|8|6|fafbfb-101010|6|17|dfdfe0-101010|-10|23|f9f9f9-101010",1,0.9]
    },
    "在务农机状态中":{
        "type":"Condition",
        "name":"在务农机状态中",
        "Function":"模板匹配找图",
        "params":[1475,640,1534,699,"sdcard/元梦挂机脚本目录/图片/奇迹农场/务农机状态.png",0.7]
    },

    "namespace":"奇迹"
}