{
    "动作":{
        "type":"Selector",
        "name":"异常遍历",
        "children":[
            {
                "type":"Inverter",
                "name":"取反节点",
                "children":[
                    {
                        "type":"Condition",
                        "name":"定时器5s",
                        "Function":"定时器",
                        "params":["异常定时器",3]
                    }
                ]
            },
            {
                "type":"Nand",
                "name":"异常状态处理",
                "children":[
                    {
                        "type":"Condition",
                        "name":"点击确定|继续尝试|拒绝|空白区域",
                        "Function":"点击图片",
                        "params":[551,414,1052,504,"sdcard/元梦挂机脚本目录/图片/异常/返回登录.png|sdcard/元梦挂机脚本目录/图片/异常/拒绝.png|sdcard/元梦挂机脚本目录/图片/通用/确定.png|sdcard/元梦挂机脚本目录/图片/异常/继续尝试.png",0.9,[10,10]]       
                    },
                    {
                        "点击空白区域@通用.点击空白区域":{}
                    },
                    {
                        "type":"Condition",
                        "name":"建立关系界面",
                        "Function":"点击颜色",
                        "params":[1186,64,1297,174,"ffe02d","-9|-16|ffe72e|9|13|ffe02d|-1|12|2e6fe1|-9|-24|2e6ee1",0,0.9]
                    },
                    {
                        "type":"Condition",
                        "name":"关闭公告",
                        "Function":"点击图片",
                        "params":[1130,33,1364,206,"sdcard/元梦挂机脚本目录/图片/异常/橙色错号.png",0.9]
                    },
                    {
                        "点击关闭广告@通用.点击关闭广告":{}
                    },
                    {
                        "type":"Sequence",
                        "name":"网络异常处理流程",
                        "children":[
                            {
                                "有提示界面@通用.有提示界面":{}
                            },
                            {
                                "type":"Selector",
                                "name":"分析提示界面",
                                "children":[
                                    {
                                        "type":"Condition",
                                        "name":"网络波动处理",
                                        "Function":"点击图片",
                                        "params":[551,414,1052,504,"sdcard/元梦挂机脚本目录/图片/异常/拒绝.png|sdcard/元梦挂机脚本目录/图片/通用/确定.png|sdcard/元梦挂机脚本目录/图片/异常/继续尝试.png",0.9,[10,10]]
                                    },
                                    {
                                        "type":"Condition",
                                        "name":"点击取消",
                                        "Function":"点击图片",
                                        "params":[558,420,778,491,"sdcard/元梦挂机脚本目录/图片/异常/取消.png",0.9]
                                    },
                                    {
                                        "type":"Condition",
                                        "name":"强行关闭提示界面",
                                        "Function":"点击颜色",
                                        "params":[1005,120,1164,272,"ffe02d","-9|-16|ffe72e|9|13|ffe02d|-1|12|2e6fe1|-9|-24|2e6ee1",1,0.9]
                                    }
                                ]
                            }
                            
                            
                        ]
                    },
                    {
                        "type":"Sequence",
                        "name":"在登录界面动作",
                        "children":[
                            {
                                "type":"Condition",
                                "name":"在登陆界面",
                                "Function":"模板匹配找图",
                                "params":[1447,9,1549,112,"sdcard/元梦挂机脚本目录/图片/异常/注销.png",0.9]
                            },
                            {
                                "type": "Action",
                                "name": "点击进入游戏",
                                "Function":"点击",
                                "params": [778,495]
                            },
                            {
                                "type":"Condition",
                                "name":"超过时长重新启动",
                                "Function":"重启app",
                                "params":["com.tencent.letsgo",-300]
                            }

                        ]
                        
                    },
                    {
                        "type":"Sequence",
                        "name":"检查元梦是否启动",
                        "children":[
                            {
                                "type":"Condition",
                                "name":"时间到了",
                                "Function":"定时器",
                                "params":["元梦是在前台运行",600]
                            },
                            {
                                "type":"Selector",
                                "name":"检查元梦是否启动",
                                "children":[
                                    {
                                        "type": "Condition",
                                        "name": "是否在前台运行",
                                        "Function":"在前台运行中",
                                        "params": "com.tencent.letsgo"
                                    },
                                    {
                                        "type": "Action",
                                        "name": "runApp",
                                        "Function":"运行APP",
                                        "params": "com.tencent.letsgo"
                                    }
                                    
                                ]
                            }
                        ]
                    },
                    {
                        "type":"Sequence",
                        "name":"检测是否有流星天气",
                        "children":[
                            {
                                "type":"Condition",
                                "name":"有流星天气图标",
                                "Function":"模板匹配找图",
                                "params":[34,7,241,84,"sdcard/元梦挂机脚本目录/图片/异常/流星天气.png",0.9]
                            },
                            {
                                "type":"Condition",
                                "name":"间隔5分钟",
                                "Function":"定时器",
                                "params":["有流星天气发送邮件间隔",500]
                            },
                            {
                                "type":"Action",
                                "name":"发送邮件",
                                "Function":"发送文件邮件",
                                "params":[
                                    "weiweifu14@163.com",
                                    "ERagG3b9khKk9NY4",
                                    "1920722394@qq.com",
                                    "smtp.163.com",
                                    "流星天气",
                                    "流星天气来了,请注意"
                                ]
                            }
                        ]
                    }
                ]
            }  
        ]
    },
    "namespace":"异常"
    
}