{
    "动作@农场.动作":{
        "$模式":"水产",
        "$停机模式检测器":"全部|水产",
        "$可收获匹配":"可钓次数",
        "$不可收获匹配":"时|分|秒|后成熟",
        "$设置可收获":["blackboard.data.水产",0],

        "$无月卡收获流程":"_@水产.收获水产无月卡"
    },
    "收获水产无月卡":{
        "type":"Sequence",
        "name":"收获无月卡流程",
        "children":[
            {
                "type":"Inverter",
                "name":"无月卡执行",
                "children":[
                    {
                        "type":"Condition",
                        "name":"获取月卡状态",
                        "Function":"获取月卡状态",
                        "params":"农场月卡"
                    }
                ]
            },
            {
                "type":"Selector",
                "name":"分析是否在屋外",
                "children":[
                    {
                        "退出屋内流程@农场.退出屋内流程":{}
                    },
                    {
                        "是在屋外@通用.是在屋外":{}
                    }
                ]
            },
            {
                "向发射器移动@通用.向发射器移动":{}
            },
            {
                "点击务农小车@通用.点击务农小车":{}
            },
            {
                "type": "Action",
                "name": "等待1.5",
                "Function":"延时",
                "params": 2000
            },
            {
                "type":"Action",
                "name":"打印消息",
                "Function":"log",
                "params":"工作状态-->水产"
            },
            {
                "是在发射状态@通用.是在发射状态":{}
            },
            {
                "type": "Action",
                "name": "向水池滑动",
                "Function":"滑动",
                "params": [800,361,790,320,1000]
            },
            {
                "点击通用按钮@通用.点击通用按钮":{"name":"点击发射"}
            },
            {
                "type":"Action",
                "name":"等待2秒",
                "Function":"延时",
                "params":2000
            },
            {
                "轮询是否落地@农场.轮询是否落地":{}
            },
            {
                "type":"RepeaterEX",
                "maxCount":30,
                "name":"扫描并且识别时间",
                "children":[
                    {
                        "type":"Sequence",
                        "name":"取时间流程",
                        "children":[
                            {
                                "type":"Action",
                                "name":"等待2秒",
                                "Function":"延时",
                                "params":2000
                            },
                            {
                                "type":"Action",
                                "name":"清鱼卡",
                                "Function":"点击",
                                "params":[135,674]
                            },
                            {
                                "type":"Condition",
                                "name":"清理鱼塘按钮黄色",
                                "Function":"区域多点找色",
                                "params":[90,352,179,404,"dd910a-010101","-32|-16|ffe64b-010101|-33|8|ffe64b-010101|28|8|ffe64b-010101|30|3|ffe54c-010101|0|-3|ffe050-010101|-1|9|dd910a-010101",1,0.9]
                            },
                            {
                                "识别收获时长@水产.识别收获时长":{}
                            },
                            {
                                "type":"Action",
                                "name":"结束钓鱼状态",
                                "Function":"跳出循环体",
                                "params":"无月卡钓鱼结束"
                            }
                        ]
                    }
                ]
            }
            
        ]
    },
    "识别收获时长":{
        "type":"Selector",
        "name":"选择识别模式",
        "children":[
            {
                "type":"Sequence",
                "name":"飞将识别",
                "children":[
                    {
                        "type":"Condition",
                        "name":"根据图片识别文本",
                        "Function":"识别屏幕_根据模型识别",
                        "params":"$飞将识别"
                    },
                    {
                        "_@水产.分析识别结果":{}
                    }
                ]
            },
            {
                "type":"Sequence",
                "name":"本地神经网络识别",
                "children":[
                    {
                        "type":"Condition",
                        "name":"根据图片识别文本",
                        "Function":"识别屏幕_本地神经网络识别",
                        "params":"$神经网络识别"
                    },
                    {
                        "_@水产.分析识别结果":{}
                    }
                ]
            },
            {
                "type":"Sequence",
                "name":"本地神经网络识别_二值化",
                "children":[
                    {
                       "type":"Condition",
                        "name":"根据图片识别文本",
                        "Function":"识别屏幕_本地神经网络识别_二值化",
                        "params":"$神经网络识别_二值化"
                    },
                    {
                        "_@水产.分析识别结果":{}
                    }
                ]
            }
        ]
        
    },
    "分析识别结果":{
        "type":"Sequence",
        "name":"取时间动作",
        "children":[
            {
                "type":"Condition",
                "name":"如果不可收获",
                "Function":"文本内容搜索",
                "params":"$不可收获匹配"
            },
            {
                "type":"Condition",
                "name":"提取成熟时间",
                "Function":"在识别结果中提取时间",
                "params":"$模式"
            }
            
        ]
            
    },
    "namespace":"水产"
}