{
    "main":{
        "type":"Sequence",
        "name":"顺序检查",
        "分辨率":[720,1280],
        "children":[
            {
                "异常@异常.动作":{"skip_resolve":"异常"}
            },
            {
                "缤纷@缤纷.动作":{"skip_resolve":"缤纷活动"}
            },
            {
                "作物@作物.动作":{"skip_resolve":"作物"}
            },
            {
                "动物@动物.动作":{"skip_resolve":"动物"}
            },
            {
                "水产@水产.动作":{"skip_resolve":"水产"}
            },
            {
                "加工@加工.动作":{"skip_resolve":"加工"}
            },
            {
                "餐厅@餐厅.动作":{"skip_resolve":"餐厅"}
            },
            {
                "奇迹@奇迹.动作":{"skip_resolve":"奇迹"}
            },
            {
                "type":"Action",
                "skip_resolve":"发送邮件",
                "name":"发送邮件",
                "Function":"发送邮件"
            }
        ]
        
    },
    "版本":0.1,
    "namespace":"main"
}