{
    "基础@奇迹.基础":{
        "$判断商人类型":"是缤纷任务商人@缤纷.是缤纷任务商人",
        "$点击全部":[791,579,824,613,"cad4d2","-11|-10|c9d4d1|11|7|c9d4d1|-8|5|cad4d2",1,0.9],
        "$点击提交果实":[758,296,1153,524,"sdcard/元梦挂机脚本目录/图片/缤纷任务/提交果实.png",0.85],
        "$点击提交":[922,629,1110,684,"sdcard/元梦挂机脚本目录/图片/缤纷任务/提交.png",0.9],


        "$送礼按钮":[889,372,1052,533,"sdcard/元梦挂机脚本目录/图片/奇迹农场/送礼.png|sdcard/元梦挂机脚本目录/图片/奇迹农场/送礼1.png",0.8],
        
        "$向前移动一段":[251,528,153,312,1200],
        "$可收获":[889,372,1052,533,"sdcard/元梦挂机脚本目录/图片/奇迹农场/收获.png",0.8,210],
        "$长按收获":[973,456,973,456,3000],
        "$滑动屏幕":[
                        ["滑动",[817,393,770,393,500]],
                        ["延时",1000]
                    ]
    },
    "动作@缤纷.基础":{
        "type":"Inverter",
        "name":"缤纷",
        "children":[
            {
                "缤纷时间段流程@缤纷.缤纷时间段流程":{}
            }
        ]
        
    },
    "缤纷时间段流程":{
        "type":"Sequence",
        "name":"缤纷时间段流程",
        "children":[
            {
                "type":"Condition",
                "name":"是缤纷任务时间段",
                "Function":"是在特殊时间段",
                "params":"07:45-23:30"
            },
            {
                "type":"Condition",
                "name":"在空闲状态",
                "Function":"是指定任务状态",
                "params":"缤纷任务时间段"
            },
            {
                "进入奇迹场景@奇迹.进入奇迹场景":{}
            },
            {
                "type":"Action",
                "name":"重置奇迹采集时间",
                "Function":"定时器EX",
                "params":{
                    "页":"page0",
                    "控件名":"奇迹农场收获间隔",
                    "id":"奇迹收获间隔",
                    "类型":3
                }
            },
            {
                "type":"Selector",
                "name":"选择收获|提交果实",
                "children":[
                    {
                        "提交果实流程@缤纷.提交果实流程":{}
                    },
                    {
                        "type":"Sequence",
                        "name":"不在提交果流程",
                        "children":[
                            {
                                "type":"Condition",
                                "name":"可提交果实时间段",
                                "Function":"比较变量",
                                "params":["可提交果实时间段","==",true]
                            },
                            {
                                "type":"Condition",
                                "name":"提交果实时间到",
                                "Function":"定时器EX",
                                "params":{
                                    "页":"page1",
                                    "控件名":"缤纷出货间隔",
                                    "id":"缤纷出货间隔",
                                    "类型":2
                                }
                            }
                        ]
                    },
                    {
                        "收获作物有月卡版@缤纷.收获果实有月卡版":{}
                    },
                    {
                        "收获果实无月卡版-提前收获策略@缤纷.收获果实无月卡版-提前收获策略":{}
                    },
                    {
                        "收获作物无月卡版@缤纷.收获果实无月卡版":{}
                    }
                ]
            }
        ]
    },
    "开始向缤纷商人提交果实":{
        "type":"RepeaterEX",
        "maxCount":15,
        "name":"开始向缤纷商人提交果实",
        "children":[
            {
                "type":"Selector",
                "name":"分析出货状态",
                "children":[
                    {
                        "type":"Inverter",
                        "name":"延时500ms",
                        "children":[
                            {
                                "type":"Action",
                                "name":"延时",
                                "Function":"延时",
                                "params":500
                            }
                        ]
                    },
                    {
                        "type":"Sequence",
                        "name":"结束流程",
                        "children":[
                            {
                                "点击确定@通用.点击确定":{}
                            },
                            {
                                "type":"Action",
                                "name":"跳出循环",
                                "Function":"跳出循环体",
                                "params":"缤纷果实提交完成"
                            }
                        ]
                    },
                    {
                        "type":"Condition",
                        "name":"点击全部",
                        "Function":"点击颜色",
                        "params":"$点击全部"
                    },
                    {
                        "type":"Condition",
                        "name":"点击提交果实",
                        "Function":"点击图片",
                        "params":"$点击提交果实"
                    },
                    {
                        "type":"Condition",
                        "name":"点击提交",
                        "Function":"点击图片",
                        "params":"$点击提交"
                    }
                    
                ]
            }
        ]
    },
    "收获果实无月卡版-提前收获策略":{
        "type":"Sequence",
        "name":"收获果实无月卡流程",
        "skip_resolve":"务农机收获",
        "children":[
            {
                "type":"Inverter",
                "name":"无月卡",
                "children":[
                    {
                        "type":"Condition",
                        "name":"获取月卡状态",
                        "Function":"获取月卡状态",
                        "params":"奇迹月卡" 
                    }
                ]
            },
            {
                "type":"Condition",
                "name":"可提交果实时间段",
                "Function":"比较变量",
                "params":["可提交果实时间段","~=",true]
            },
            {
                "type":"Condition",
                "name":"判断时间间隔",
                "Function":"定时器EX",
                "params":{
                    "页":"page1",
                    "控件名":"缤纷收获间隔",
                    "id":"缤纷收获间隔",
                    "类型":2
                }
            },
            {
                "type":"Action",
                "name":"设置位置",
                "Function":"setval",
                "params":["blackboard.data.在采集状态中",false]
            },
            {
                "type":"Selector",
                "name":"分析是否采集",
                "children":[
                    {
                        "在采集状态下@缤纷.在采集状态":{}
                    },
                    {
                        "启动采集流程@奇迹.启动采集流程":{}
                    },
                    {
                        "进入务农机状态@奇迹.进入务农机状态":{}
                    }
                ]
            },
            {
                "点击后退@通用.点击后退":{"type":"Action"}
            },
            {
                "type":"Selector",
                "name":"出售失败，选择打印信息",
                "children":[
                    {
                        "出售非活动果实@缤纷.出售非活动果实":{}
                    },
                    {
                        "type":"Action",
                        "name":"打印信息",
                        "Function":"log",
                        "params":"出售非活动果实失败"
                    }
                ]
            },
            {
                "type":"Action",
                "name":"设置定时器开始计时",
                "Function":"定时器EX",
                "params":{
                    "页":"page1",
                    "控件名":"缤纷收获间隔",
                    "id":"缤纷收获间隔",
                    "类型":3
                }
            },
            {
                "type":"Action",
                "name":"打印信息",
                "Function":"log",
                "params":"出售非活动果实完成"
            }
            
        ]
    },
    "收获果实无月卡版":{
        "type":"Sequence",
        "name":"收获果实无月卡流程",
        "skip_resolve":"务农机收获",
        "children":[
            {
                "type":"Inverter",
                "name":"没有月卡",
                "children":[
                    {
                        "type":"Condition",
                        "name":"获取月卡状态",
                        "Function":"获取月卡状态",
                        "params":"奇迹月卡" 
                    }
                ]
            },
            {
                "type":"Condition",
                "name":"可提交果实时间段",
                "Function":"比较变量",
                "params":["可提交果实时间段","==",true]
            },
            {
                "type":"Action",
                "name":"设置位置",
                "Function":"setval",
                "params":["blackboard.data.在采集状态中",false]
            },
            {
                "type":"Selector",
                "name":"分析是否采集",
                "children":[
                    {
                        "在采集状态下@缤纷.在采集状态":{}
                    },
                    {
                        "启动采集流程@奇迹.启动采集流程":{}
                    },
                    {
                        "进入务农机状态@奇迹.进入务农机状态":{}
                    }
                ]
            },
            {
                "点击后退@通用.点击后退":{"type":"Action"}
            },
            {
                "type":"Action",
                "name":"设置位置",
                "Function":"setval",
                "params":["t.缤纷出货间隔",0]
            }
        ]
    },
    "在采集状态":{
        "type":"Sequence",
        "name":"在收获流程",
        "children":[
            {
                "type":"Condition",
                "name":"是在采集中",
                "Function":"模板匹配找图",
                "params":"$是在采集中"
            },
            {
                "type":"Action",
                "name":"设置位置",
                "Function":"setval",
                "params":["blackboard.data.在采集状态中",true]
            },
            {
                "type":"Action",
                "name":"打印信息",
                "Function":"log",
                "params":"缤纷移动步数：+%blackboard.data.奇迹移动步数"
            },
            {
                "奇迹采集设置@奇迹.奇迹采集设置":{"params":{"id":1}}
            },
            {
                "位图是否有变化@奇迹.数字是否有变化":{}
            },
            {
                "type":"Action",
                "name":"权重累加",
                "Function":"权重",
                "params":{"类型":"置权重","key":"启动采集失败次数"}
            },
            {
                "type":"SelectorByVariable",
                "name":"执行收获流程",
                "defaultIndex":1,
                "key":"收获奇迹果实位置变更",
                "children":[
                    {
                        "type":"Sequence",
                        "name":"收获右边果实流程",
                        "children":[
                            {
                                "分析移动步数@奇迹.务农及收获右边":{}
                            },
                            {
                                "type":"Condition",
                                "name":"权重累加",
                                "Function":"权重",
                                "params":{"key":"奇迹移动步数","最大值":5,"最小值":1}
                            }
                        ]

                    },
                    {
                        "type":"Sequence",
                        "name":"收获左边果实流程",
                        "children":[
                            {
                                "分析移动步数@奇迹.务农机收获左边":{}
                            },
                            {
                                "type":"Condition",
                                "name":"权重累加",
                                "Function":"权重",
                                "params":{"key":"奇迹移动步数","最大值":9,"最小值":1}
                            }
                        ]

                    }
                ]
            },
            {
                "type":"Condition",
                "name":"权重累加",
                "Function":"权重",
                "params":{"key":"收获奇迹果实位置变更","最大值":3,"最小值":1}
            }
        ]
    },
    "收获果实有月卡版":{
        "type":"Sequence",
        "name":"收获果实有月卡流程",
        "children":[
            {
                "type":"Condition",
                "name":"获取月卡状态",
                "Function":"获取月卡状态",
                "params":"奇迹月卡"
            },
            {
                "type":"Condition",
                "name":"判断时间间隔",
                "Function":"定时器EX",
                "params":{
                    "页":"page1",
                    "控件名":"缤纷收获间隔",
                    "id":"缤纷收获间隔",
                    "类型":2
                }
            },
            {
                "点击复位@通用.点击复位":{}
            },
            {
                "向小旋风滑动@通用.向小旋风滑动":{}
            },
            {
                "奇迹采集设置@奇迹.奇迹采集设置":{"params":{"id":1}}
            },
            {
                "点击奇迹无人机@通用.点击奇迹无人机":{}
            },
            {
                "type":"Action",
                "name":"等待1.5秒",
                "Function":"延时",
                "params":1500
            },
            {
                "type":"Selector",
                "name":"是否有提示界面",
                "children":[
                    {
                        "type":"Sequence",
                        "name":"关闭提示界面流程",
                        "children":[
                            {
                                "有提示界面@通用.有提示界面":{}
                            },
                            {
                                "type":"Action",
                                "name":"勾选今日不再提醒",
                                "Function":"点击颜色",
                                "params":"$勾选今日不再提醒"
                            },
                            {
                                "type":"Action",
                                "name":"延时0.3秒",
                                "Function":"延时",
                                "params":300
                            },
                            {
                                "点击确定@通用.点击确定":{}
                            }

                        ]
                    },
                    {
                        "type":"Action",
                        "name":"打印信息",
                        "Function":"log",
                        "params":"收获完成"
                    }
                ]
            },
            {
                "type":"Inverter",
                "name":"取反",
                "children":[
                    {
                        "type":"Action",
                        "name":"设置定时器开始计时",
                        "Function":"定时器EX",
                        "params":{
                            "页":"page1",
                            "控件名":"缤纷收获间隔",
                            "id":"缤纷收获间隔",
                            "类型":3
                        }
                    }
                ]
            }
        ]
    },
    "寻找缤纷商人位置":{
        "type":"Sequence",
        "name":"寻找缤纷商人流程",
        "children":[
            {   
                "复位@奇迹.前往活动区域":{}
            },
            {
                "按权重向四个方向滑动@缤纷.按权重向四个方向滑动":{"key":"缤纷任务位置"}  
            },
            {
                "是缤纷商人@缤纷.识别是否是缤纷商人":{}
            },
            {
                "type":"Repeater",
                "name":"4秒轮询-二次分析商人",
                "maxCount":8,
                "children":[
                    {
                        "type":"Action",
                        "name":"等待0.5秒",
                        "Function":"延时",
                        "params":500
                    },
                    {
                        "type":"Condition",
                        "name":"是缤纷任务商人",
                        "Function":"点击图片",
                        "params":"$奖励说明"
                    }
                ]
            }
        ]
    },
    "提交果实流程":{
        "type":"Sequence",
        "name":"提交果实流程",
        "children":[
            {
                "type":"Condition",
                "name":"可提交果实时间段",
                "Function":"比较变量",
                "params":["可提交果实时间段","==",true]
            },
            {
                "type":"Condition",
                "name":"提交果实时间到",
                "Function":"定时器EX",
                "params":{
                    "页":"page1",
                    "控件名":"缤纷出货间隔",
                    "id":"缤纷出货间隔",
                    "类型":2
                }
            },
            {
                "点击后退@通用.点击后退":{"type":"Action"}
            },
            {
                "type":"Action",
                "name":"弹出消息",
                "Function":"log",
                "params":"开始寻找缤纷商人"
            }, 
            {
                "type":"Selector",
                "name":"寻商失败则加权",
                "children":[
                    {
                        "寻找缤纷商人位置@缤纷.寻找缤纷商人位置":{}
                    },
                    {
                        "type":"Inverter",
                        "name":"处于失败流程",
                        "children":[
                            {
                                "type":"Sequence",
                                "name":"寻找商人失败",
                                "children":[
                                    {
                                        "type":"Action",
                                        "name":"寻找缤纷商人失败加权",
                                        "Function":"log",
                                        "params":"寻找缤纷商人失败开始加权，当前权重为：+%blackboard.data.缤纷任务位置"
                                    },
                                    {
                                        "type":"Action",
                                        "name":"寻找缤纷商人失败加权",
                                        "Function":"权重",
                                        "params":{"key":"缤纷任务位置","最大值":5}
                                    }
                                ]
                            }
                        ]
                    }
                ]
            },
            {
                "type":"Action",
                "name":"弹出消息",
                "Function":"log",
                "params":"找到缤纷商人开始出货"
            },
            {
                "type":"Action",
                "name":"设置定时器开始计时",
                "Function":"定时器EX",
                "params":{
                    "页":"page1",
                    "控件名":"缤纷出货间隔",
                    "id":"缤纷出货间隔",
                    "类型":3
                }
            },
            {
                "提交果实流程@缤纷.开始向缤纷商人提交果实":{}
            },
            {
                "出售奇迹果实@奇迹.出售奇迹果实":{}
            }
        ]
    },
    "前往缤纷商人位置":{
        "type":"Sequence",
        "name":"前往缤纷商人位置",
        "children":[
            {
                "分析奇迹农场所处位置@奇迹.分析奇迹农场所处位置":{}
            },
            {
                "type":"Action",
                "name":"延时0.5秒",
                "Function":"延时",
                "params":500
            },
            {
                "点击复位@通用.点击复位":{}
            },
            {
                "点击靶子@通用.点击靶子":{}
            },
            {
                "type":"Action",
                "name":"延时1s",
                "Function":"延时",
                "params":1000
            },
            {
                "是在发射状态@通用.是在发射状态":{}
            },
            {
                "type":"SelectorByVariable",
                "name":"找商人流程",
                "defaultIndex":1,
                "key":"奇迹农场位置",
                "children":[
                    {
                        "type":"Sequence",
                        "name":"制作台位置流程",
                        "children":[
                            {
                                "type":"Action",
                                "name":"控制发射器",
                                "Function":"滑动",
                                "params":[641,360,1198,300,1500,3000]
                            }
                        ]
                    },
                    {
                        "type":"Sequence",
                        "name":"工具店位置流程",
                        "children":[
                            {
                                "type":"Action",
                                "name":"控制发射器",
                                "Function":"滑动",
                                "params":[1198,360,600,300,1500,3000]
                            }
                        ]
                    },
                    {
                        "type":"Sequence",
                        "name":"宠物店位置流程",
                        "children":[
                            {
                                "type":"Action",
                                "name":"控制发射器",
                                "Function":"滑动",
                                "params":[600,360,1070,280,1500,3500]
                            }
                        ]
                    },
                    {
                        "type":"Sequence",
                        "name":"种子店位置流程",
                        "children":[
                            {
                                "type":"Condition",
                                "name":"点击活动区域",
                                "Function":"点击颜色",
                                "params":"$点击活动区域"
                            },
                            {
                                "type": "Action",
                                "name": "位置3",
                                "Function":"滑动",
                                "params": "$找商人位置3"
                            }
                        ]
                    }
                ]
            },
            {
                "点击对话框@奇迹.点击对话框":{}
            },
            {
                "type":"Repeater",
                "name":"4秒轮询",
                "maxCount":8,
                "children":[
                    {
                        "type":"Sequence",
                        "name":"是缤纷任务商人",
                        "children":[
                            {
                                "type":"Condition",
                                "name":"是缤纷商人位置",
                                "Function":"模板匹配找图",
                                "params":"$奖励说明"
                            },
                            {
                                "type":"Action",
                                "name":"弹出消息",
                                "Function":"log",
                                "params":"是缤纷商人"
                            }
                        ]
                    }
                ]
            }
        ]
    },
    "识别是否是缤纷商人":{
        "type":"Selector",
        "name":"识别是否是缤纷商人",
        "children":[
            {
                "type":"Sequence",
                "name":"点击对话流程",
                "children":[
                    {
                        "type":"Action",
                        "name":"等待1秒",
                        "Function":"延时",
                        "params":1000
                    },
                    {
                        "type":"Condition",
                        "name":"找对话状态",
                        "Function":"模板匹配找图",
                        "params":"$点击对话"
                    },
                    {
                        "type":"Condition",
                        "name":"在缤纷商人旁？",
                        "Function":"YOLO找图",
                        "params":"缤纷商人-0.5|西瓜-0.4"
                    },
                    {
                        "type":"Condition",
                        "name":"找对话状态",
                        "Function":"点击图片",
                        "params":"$点击对话"
                    }
                ]
            },
            {
                "type":"Sequence",
                "name":"在缤纷商人旁流程",
                "children":[
                    {
                        "type":"Condition",
                        "name":"找对话状态",
                        "Function":"模板匹配找图",
                        "params":"$礼盒按钮"
                    },
                    {
                        "type":"Condition",
                        "name":"在缤纷商人旁？",
                        "Function":"YOLO找图",
                        "params":"缤纷商人-0.5|西瓜-0.4"
                    },
                    {
                        "type":"Action",
                        "name":"监视对话按钮",
                        "Function":"启动线程",
                        "params":{
                            "执行函数":"点击图片",
                            "运行时长":16,
                            "参":[887,383,1053,524,"sdcard/元梦挂机脚本目录/图片/奇迹农场/对话.png|sdcard/元梦挂机脚本目录/图片/奇迹农场/对话1.png",0.7,[47,47]]
                        }
                    },
                    {
                        "type":"Action",
                        "name":"等待线程启动",
                        "Function":"延时",
                        "params":500
                    },
                    {
                        "type":"RepeaterEX",
                        "name":"滑动3次",
                        "maxCount":3,
                        "children":[
                            {
                                "type":"Action",
                                "name":"旋转",
                                "Function":"滑动",
                                "params":"$旋转视角3"
                            }
                        ]
                    }
                ]
            }
        ]
        
    },
    "按权重向四个方向滑动":{
        "type":"SelectorByVariable",
        "name":"按权重向四个方向滑动",
        "defaultIndex":1,
        "key":"缤纷任务位置",
        "children":[
            {
                "type":"Sequence",
                "name":"工具商店位置",
                "children":[
                    {
                        "type": "Action",
                        "name": "工具商店位置",
                        "Function":"滑动",
                        "params": "$找商人位置1"
                    },
                    {
                        "type": "Action",
                        "name": "旋转屏幕",
                        "Function":"滑动",
                        "params": "$旋转视角"
                    }
                ]
            },
            {
                "type":"Sequence",
                "name":"加工作坊位置",
                "children":[
                    {
                        "type": "Action",
                        "name": "加工作坊位置",
                        "Function":"滑动",
                        "params": "$找商人位置2"
                    },
                    {
                        "type": "Action",
                        "name": "旋转屏幕",
                        "Function":"滑动",
                        "params": "$旋转视角2"
                    }
                ]
            },
            {
                "type": "Action",
                "name": "种子店位置",
                "Function":"滑动",
                "params": "$找商人位置3"
            },
            {
                "type": "Action",
                "name": "宠物商店位置",
                "Function":"滑动",
                "params": "$找商人位置4"
            }
        ]
    },
    "出售非活动果实":{
        "type":"Sequence",
        "name":"出售非活动果实",
        "children":[
            {
                "type":"Action",
                "name":"等待5秒",
                "Function":"延时",
                "params":5000
            },
            {
                "type":"Action",
                "name":"打印消息",
                "Function":"print",
                "params":"---->开始出售全部果实<----"
            },
            {
                "type":"Action",
                "name":"打开仓库",
                "Function":"点击",
                "params":"$点击打开仓库"
            },
            {
                "type":"Action",
                "name":"延时500ms",
                "Function":"延时",
                "params":1000
            },
            {
                "type":"Action",
                "name":"点击果实",
                "Function":"点击颜色",
                "params":"$点击果实"
            },
            {
                "type":"Action",
                "name":"延时500ms",
                "Function":"延时",
                "params":1000
            },
            {
                "type":"Action",
                "name":"点击批量出售",
                "Function":"点击图片",
                "params":"$点击批量出售"
            },
            {
                "type":"Action",
                "name":"延时500ms",
                "Function":"延时",
                "params":1000
            },
            {
                "type":"Action",
                "name":"勾选非活动",
                "Function":"点击颜色",
                "params":[828,579,858,608,"dbd8d3-010101","12|-10|dbd8d3-010101|18|-9|dbd8d3-010101|5|8|dbd9d5-010101|-1|-1|dbd8d3-010101",1,0.9]
            },
            {
                "type":"Action",
                "name":"延时500ms",
                "Function":"延时",
                "params":300
            },
            {
                "type":"Action",
                "name":"点击出售",
                "Function":"点击图片_高级找图",
                "params":"$点击出售"
            },
            {
                "type":"Action",
                "name":"延时500ms",
                "Function":"延时",
                "params":1500
            },
            {
                "点击空白区域@通用.点击空白区域":{"type":"Action"}
            },
            {
                "点击后退@通用.点击后退":{"type":"Action"}
            }
        ]
    },
    "namespace":"缤纷"
}