{
    "基础@奇迹.基础":{
        "$判断商人类型":"是缤纷任务商人@缤纷.是缤纷任务商人",
        "$点击全部":[791,579,824,613,"cad4d2","-11|-10|c9d4d1|11|7|c9d4d1|-8|5|cad4d2",1,0.9],
        "$点击提交果实":[758,296,1153,524,"sdcard/元梦挂机脚本目录/图片/缤纷任务/提交果实.png",0.85],
        "$点击提交":[922,629,1110,684,"sdcard/元梦挂机脚本目录/图片/缤纷任务/提交.png",0.9],
        
        
        "$向前移动一段":[251,528,153,312,1200],
        "$可收获":[889,372,1052,533,"sdcard/元梦挂机脚本目录/图片/奇迹农场/收获.png",0.8,210],
        "$长按收获":[973,456,973,456,3000],
        "$滑动屏幕":[
                        ["滑动",[817,393,770,393,500]],
                        ["延时",1000]
                    ]
    },
    "动作@缤纷.基础":{
        "type":"Inverter",
        "name":"缤纷",
        "children":[
            {
                "缤纷时间段流程@缤纷.缤纷时间段流程":{}
            }
        ]
        
    },
    "缤纷时间段流程":{
        "type":"Sequence",
        "name":"缤纷时间段流程",
        "children":[
            {
                "type":"Condition",
                "name":"是缤纷任务时间段",
                "Function":"是在特殊时间段",
                "params":"07:45-23:30"
            },
            {
                "进入奇迹场景@奇迹.进入奇迹场景":{}
            },
            {
                "type":"Selector",
                "name":"选择收获|提交果实",
                "children":[
                    {
                        "提交果实流程@缤纷.提交果实流程":{}
                    },
                    {
                        "type":"Sequence",
                        "name":"不在提交果流程",
                        "children":[
                            {
                                "type":"Condition",
                                "name":"可提交果实时间段",
                                "Function":"比较变量",
                                "params":["可提交果实时间段","==",true]
                            },
                            {
                                "type":"Condition",
                                "name":"提交果实时间到",
                                "Function":"定时器EX",
                                "params":{
                                    "页":"page1",
                                    "控件名":"缤纷出货间隔",
                                    "id":"缤纷出货间隔",
                                    "类型":2
                                }
                            }
                        ]
                    },
                    {
                        "收获作物有月卡版@缤纷.收获果实有月卡版":{}
                    },
                    {
                        "收获作物无月卡版@奇迹.收获果实无月卡版":{}
                    }
                ]
            }
        ]
    },
    "缤纷仓库出货":{
        "type":"RepeaterEX",
        "maxCount":15,
        "name":"轮询出货",
        "children":[
            {
                "type":"Selector",
                "name":"分析出货状态",
                "children":[
                    {
                        "type":"Inverter",
                        "name":"延时500ms",
                        "children":[
                            {
                                "type":"Action",
                                "name":"延时",
                                "Function":"延时",
                                "params":500
                            }
                        ]
                    },
                    {
                        "type":"Sequence",
                        "name":"结束流程",
                        "children":[
                            {
                                "点击确定@通用.点击确定":{}
                            },
                            {
                                "type":"Action",
                                "name":"跳出循环",
                                "Function":"跳出循环体",
                                "params":"缤纷果实提交完成"
                            }
                        ]
                    },
                    {
                        "type":"Condition",
                        "name":"点击全部",
                        "Function":"点击颜色",
                        "params":"$点击全部"
                    },
                    {
                        "type":"Condition",
                        "name":"点击提交果实",
                        "Function":"点击图片",
                        "params":"$点击提交果实"
                    },
                    {
                        "type":"Condition",
                        "name":"点击提交",
                        "Function":"点击图片",
                        "params":"$点击提交"
                    }
                    
                ]
            }
        ]
    }, 
    "收获果实无月卡版":{
        "type":"Sequence",
        "name":"收获果实无月卡流程",
        "skip_resolve":"务农机收获",
        "children":[
            {
                "type":"Inverter",
                "name":"没有月卡",
                "children":[
                    {
                        "type":"Condition",
                        "name":"获取月卡状态",
                        "Function":"获取月卡状态",
                        "params":"奇迹月卡" 
                    }
                ]
            },
            {
                "type":"Condition",
                "name":"移动步数判断",
                "Function":"比较变量",
                "params":["blackboard.data.缤纷采集中","~=",true]
            },
            {
                "type":"Action",
                "name":"设置位置",
                "Function":"setval",
                "params":["blackboard.data.在采集状态中",false]
            },
            {
                "type":"Selector",
                "name":"分析是否采集",
                "children":[
                    {
                        "在采集状态下@缤纷.在采集状态":{}
                    },
                    {
                        "启动采集流程@奇迹.务农机状态启动采集":{}
                    },
                    {
                        "进入务农机状态@奇迹.进入务农机状态":{}
                    }
                ]
            },
            {
                "type":"Action",
                "name":"设置采集中",
                "Function":"setval",
                "params":["blackboard.data.缤纷采集完成",true]
            }
        ]
    },
    "在采集状态":{
        "type":"Sequence",
        "name":"在收获流程",
        "children":[
            {
                "type":"Condition",
                "name":"是在采集中",
                "Function":"模板匹配找图",
                "params":"$是在采集中"
            },
            {
                "type":"Action",
                "name":"设置位置",
                "Function":"setval",
                "params":["blackboard.data.在采集状态中",true]
            },
            {
                "位图是否有变化@奇迹.位图是否有变化":{}
            },
            {
                "type":"Action",
                "name":"打印信息",
                "Function":"log",
                "params":"当前移动步数：+%blackboard.data.奇迹移动步数"
            },
            {
                "type":"Action",
                "name":"权重累加",
                "Function":"权重",
                "params":{"类型":"置权重","key":"启动采集失败次数"}
            },
            {
                "type":"SelectorByVariable",
                "name":"执行收获流程",
                "defaultIndex":1,
                "key":"收获奇迹果实位置变更",
                "children":[
                    {
                        "type":"Sequence",
                        "name":"收获左边果实流程",
                        "children":[
                            {
                                "分析移动步数@奇迹.务农及收获右边":{}
                            },
                            {
                                "type":"Condition",
                                "name":"权重累加",
                                "Function":"权重",
                                "params":{"key":"奇迹移动步数","最大值":5,"最小值":1}
                            }
                        ]

                    },
                    {
                        "type":"Sequence",
                        "name":"收获左边果实流程",
                        "children":[
                            {
                                "分析移动步数@奇迹.务农机收获左边":{}
                            },
                            {
                                "type":"Condition",
                                "name":"权重累加",
                                "Function":"权重",
                                "params":{"key":"奇迹移动步数","最大值":9,"最小值":1}
                            }
                        ]

                    }
                ]
            },
            {
                "type":"Condition",
                "name":"权重累加",
                "Function":"权重",
                "params":{"key":"收获奇迹果实位置变更","最大值":3,"最小值":1}
            }
        ]
    },
    "收获果实有月卡版":{
        "type":"Sequence",
        "name":"收获果实有月卡流程",
        "children":[
            {
                "type":"Condition",
                "name":"获取月卡状态",
                "Function":"获取月卡状态",
                "params":"奇迹月卡"
            },
            {
                "type":"Condition",
                "name":"判断时间间隔",
                "Function":"定时器EX",
                "params":{
                    "页":"page1",
                    "控件名":"缤纷收获间隔",
                    "id":"缤纷收获间隔",
                    "类型":2
                }
            },
            {
                "点击复位@通用.点击复位":{}
            },
            {
                "向小旋风滑动@通用.向小旋风滑动":{}
            },
            {
                "奇迹采集设置@奇迹.奇迹采集设置":{"params":{"id":1}}
            },
            {
                "点击奇迹无人机@通用.点击奇迹无人机":{}
            },
            {
                "type":"Action",
                "name":"等待1.5秒",
                "Function":"延时",
                "params":1500
            },
            {
                "type":"Selector",
                "name":"是否有提示界面",
                "children":[
                    {
                        "type":"Sequence",
                        "name":"关闭提示界面流程",
                        "children":[
                            {
                                "有提示界面@通用.有提示界面":{}
                            },
                            {
                                "type":"Action",
                                "name":"勾选今日不再提醒",
                                "Function":"点击颜色",
                                "params":"$勾选今日不再提醒"
                            },
                            {
                                "type":"Action",
                                "name":"延时0.3秒",
                                "Function":"延时",
                                "params":300
                            },
                            {
                                "点击确定@通用.点击确定":{}
                            }

                        ]
                    },
                    {
                        "type":"Action",
                        "name":"打印信息",
                        "Function":"log",
                        "params":"收获完成"
                    }
                ]
            },
            {
                "type":"Inverter",
                "name":"取反",
                "children":[
                    {
                        "type":"Action",
                        "name":"设置定时器开始计时",
                        "Function":"定时器EX",
                        "params":{
                            "页":"page1",
                            "控件名":"缤纷收获间隔",
                            "id":"缤纷收获间隔",
                            "类型":3
                        }
                    }
                ]
            }
        ]
    },
    "寻找缤纷商人位置":{
        "type":"Sequence",
        "name":"寻找缤纷商人流程",
        "children":[
            {   
                "复位@奇迹.前往活动区域":{}
            },
            {
                "type":"Selector",
                "name":"缤纷任务",
                "children":[
                    {
                        "寻找商人位置@奇迹.寻找商人位置":{"key":"缤纷任务位置"}  
                    },
                    {
                        "type":"Sequence",
                        "name":"否则换位置",
                        "children":[
                            {
                                "type": "Action",
                                "name": "位置加1",
                                "Function":"变量运算",
                                "params": ["blackboard.data.缤纷任务位置","+",1]
                            },
                            {
                                "type": "Condition",
                                "name": "位置加1",
                                "Function":"比较变量",
                                "params": ["blackboard.data.缤纷任务位置",">=",5]
                            },
                            {
                                "type":"Inverter",
                                "name":"设置变量为1",
                                "children":[
                                    {
                                        "type":"Action",
                                        "name":"清零",
                                        "Function":"setval",
                                        "params":["blackboard.data.缤纷任务位置",1]
                                    }
                                ]
                                
                            }
                        ]
                    }
                ]
            }
        ]
    },
    "是缤纷任务商人":{
        "type":"Condition",
        "name":"是缤纷任务商人",
        "Function":"模板匹配找图",
        "params":"$奖励说明"
    },
    "提交果实流程":{
        "type":"Sequence",
        "name":"提交果流程",
        "children":[
            {
                "type":"Condition",
                "name":"可提交果实时间段",
                "Function":"比较变量",
                "params":["可提交果实时间段","==",true]
            },
            {
                "type":"Condition",
                "name":"提交果实时间到",
                "Function":"定时器EX",
                "params":{
                    "页":"page1",
                    "控件名":"缤纷出货间隔",
                    "id":"缤纷出货间隔",
                    "类型":2
                }
            },
            {
                "点击后退@通用.点击后退":{"type":"Action"}
            },
            {
                "type":"Action",
                "name":"设置采集中",
                "Function":"setval",
                "params":["blackboard.data.缤纷采集中",false]
            },
            {
                "type":"Action",
                "name":"弹出消息",
                "Function":"log",
                "params":"开始寻找缤纷商人"
            }, 
            {
                "寻找缤纷商人位置@缤纷.寻找缤纷商人位置":{}
            },
            {
                "type":"Action",
                "name":"弹出消息",
                "Function":"log",
                "params":"找到缤纷商人开始出货"
            },
            {
                "type":"Action",
                "name":"设置定时器开始计时",
                "Function":"定时器EX",
                "params":{
                    "页":"page1",
                    "控件名":"缤纷出货间隔",
                    "id":"缤纷出货间隔",
                    "类型":3
                }
            },
            {
                "缤纷仓库出货@缤纷.缤纷仓库出货":{}
            }
        ]
    },
    
    "前往缤纷商人位置":{
        "type":"Sequence",
        "name":"前往缤纷商人位置",
        "children":[
            {
                "分析奇迹农场所处位置@奇迹.分析奇迹农场所处位置":{}
            },
            {
                "type":"Action",
                "name":"延时0.5秒",
                "Function":"延时",
                "params":500
            },
            {
                "点击复位@通用.点击复位":{}
            },
            {
                "点击靶子@通用.点击靶子":{}
            },
            {
                "type":"Action",
                "name":"延时1s",
                "Function":"延时",
                "params":1000
            },
            {
                "是在发射状态@通用.是在发射状态":{}
            },
            {
                "type":"SelectorByVariable",
                "name":"找商人流程",
                "defaultIndex":1,
                "key":"奇迹农场位置",
                "children":[
                    {
                        "type":"Sequence",
                        "name":"制作台位置流程",
                        "children":[
                            {
                                "type":"Action",
                                "name":"控制发射器",
                                "Function":"滑动",
                                "params":[641,360,1198,300,1500,3000]
                            }
                        ]
                    },
                    {
                        "type":"Sequence",
                        "name":"工具店位置流程",
                        "children":[
                            {
                                "type":"Action",
                                "name":"控制发射器",
                                "Function":"滑动",
                                "params":[1198,360,600,300,1500,3000]
                            }
                        ]
                    },
                    {
                        "type":"Sequence",
                        "name":"宠物店位置流程",
                        "children":[
                            {
                                "type":"Action",
                                "name":"控制发射器",
                                "Function":"滑动",
                                "params":[600,360,1070,280,1500,3500]
                            }
                        ]
                    },
                    {
                        "type":"Sequence",
                        "name":"种子店位置流程",
                        "children":[
                            {
                                "type":"Condition",
                                "name":"点击活动区域",
                                "Function":"点击颜色",
                                "params":"$点击活动区域"
                            },
                            {
                                "type": "Action",
                                "name": "位置3",
                                "Function":"滑动",
                                "params": "$找商人位置3"
                            }
                        ]
                    }
                ]
            },
            {
                "点击对话框@奇迹.点击对话框":{}
            },
            {
                "type":"Repeater",
                "name":"4秒轮询",
                "maxCount":8,
                "children":[
                    {
                        "type":"Sequence",
                        "name":"是缤纷任务商人",
                        "children":[
                            {
                                "type":"Condition",
                                "name":"是缤纷商人位置",
                                "Function":"模板匹配找图",
                                "params":"$奖励说明"
                            },
                            {
                                "type":"Action",
                                "name":"弹出消息",
                                "Function":"log",
                                "params":"是缤纷商人"
                            }
                        ]
                    }
                ]
            }
        ]
    },
    
    "namespace":"缤纷"
}