{
    "基础":{
        "$是丰收魔法界面":[738,4,1069,122,"fffdbd","91|23|ff7500|101|-7|ffd200|-21|17|ff9857|189|34|ffe044",0,0.9],
        "$点击提交果实":[888,600,1139,688,"sdcard/元梦挂机脚本目录/图片/魔法任务/提交果实.png",0.9],
        "$点击选择果实":[887,615,1133,690,"sdcard/元梦挂机脚本目录/图片/魔法任务/选择果实.png",0.85,[55,17]],

        "$是仓库界面":[0,0,187,96,"sdcard/元梦挂机脚本目录/图片/魔法任务/仓库.png",0.7],
        "$点击选择":[911,620,1119,690,"333333-101010","2|11|333333-101010|20|5|69623a|33|-3|333333-101010|10|-4|ffe74f-101010|-9|17|3b3a34-101010",0,0.95],
        "$有果实":[849,621,1181,685,"sdcard/元梦挂机脚本目录/图片/魔法任务/点击选中想提交的果实.png",0.9],
        "$滑动仓库":[1024,144,1024,432,1000],

        

        
        "$神经网络识别":[1012,62,1227,109,50,0,0.60,0.30,2.00,false,false],
        "$神经网络识别_二值化":[1012,62,1227,109,"f9c62c-050505|f7ceb4-050505",50,0,0.60,0.30,2.00,false,false],

        "$判断商人类型":"a@魔法任务.是魔法任务商人"
    },
    "动作@魔法任务.基础":{
        "type":"Sequence",
        "name":"魔法任务",
        "children":[
            {
                "在奇迹农场@奇迹.进入奇迹场景":{}
            },
            {
                "找商人@魔法任务.寻找商人位置":{}
            },
            {
                "type":"Action",
                "name":"打印",
                "Function":"顺序函数",
                "params":[
                    ["print","\n-----开始做魔法任务----"],
                    ["log","开始做魔法任务"]
                ]
            },
            {
                "type":"RepeaterEX",
                "maxCount":25,
                "name":"扫描任务状态",
                "children":[
                    {
                        "type":"Selector",
                        "name":"魔法任务",
                        "children":[
                            {
                                "type":"Inverter",
                                "name":"延时5ms",
                                "children":[
                                    {
                                        "type":"Action",
                                        "name":"延时",
                                        "Function":"延时",
                                        "params":500
                                    }
                                ]
                            },
                            {
                                "type":"Condition",
                                "name":"点击魔法任务",
                                "Function":"点击图片",
                                "params":"$点击魔法任务"
                            },
                            {
                                "丰收魔法界面@魔法任务.丰收魔法界面":{}
                            },
                            {
                                "活动仓库界面@魔法任务.活动仓库界面":{}
                            },
                            {
                                "type":"Sequence",
                                "name":"退出流程",
                                "children":[
                                    {
                                        "点击空白区域@通用.点击空白区域":{}
                                    },
                                    {
                                        "type":"Action",
                                        "name":"结束轮询",
                                        "Function":"跳出循环体",
                                        "params":"结束轮询->魔法任务"
                                    },
                                    {
                                        "type":"Action",
                                        "name":"延时2s",
                                        "Function":"延时",
                                        "params":1500
                                    }
                                ]
                            }
                        ]
                    }
                ]
            },
            {
               "轮询点击退出@奇迹.轮询点击退出":{}
            }
            
        ]
    },
    "遍历果实位置":{
        "type":"Condition",
        "name":"遍历背包,选择果实",
        "Function":"遍历果实位置",
        "params":{
            "size":[28,16],
            "args":["000000","5|7|000000|17|2|000000|14|2|000000|1|-2|000000|19|494|3b3a34",0,0.8],
            "buffon":["ffffff","37|0|ffffff|39|15|ffffff|0|16|ffffff|39|7|ffffff|-1|8|ffffff",0,1],
            "offset":{"x":-20,"y":-20},
            "buffonPos":[16,88,50,23],
            "points":[
                [[857,166],[975,166],[1093,166],[1211,166]],
                [[857,288],[975,288],[1093,288],[1211,288]],
                [[857,409],[975,409],[1093,409],[1211,409]],
                [[857,530],[975,530],[1093,530],[1211,530]]
            ]
        }
    },
    "丰收魔法界面":{
        "type":"Sequence",
        "name":"丰收魔法界面",
        "children":[
            {
                "type":"Condition",
                "name":"是丰收魔法界面",
                "Function":"区域多点找色",
                "params":"$是丰收魔法界面"
            },
            {
                "type":"Selector",
                "name":"果实提交流程",
                "children":[
                    {
                        "type":"Condition",
                        "name":"点击提交果实",
                        "Function":"点击图片",
                        "params":"$点击提交果实"
                    },
                    {
                        "type":"Sequence",
                        "name":"识别并提交魔法任务果实",
                        "children":[
                            {
                                "type":"Selector",
                                "name":"选择识别模式",
                                "children":[
                                    {
                                        "type":"Sequence",
                                        "name":"识别时间流程",
                                        "children":[
                                            {
                                                "type":"Condition",
                                                "name":"根据图片识别文本",
                                                "Function":"识别屏幕_本地神经网络识别",
                                                "params":"$神经网络识别"
                                            },
                                            {
                                                "type":"Condition",
                                                "name":"有指定字符串",
                                                "Function":"文本内容搜索",
                                                "params":"后任务刷新|分|秒"
                                            },
                                            {
                                                "type":"Condition",
                                                "name":"提取成熟时间",
                                                "Function":"在识别结果中提取时间",
                                                "params":"魔法任务"
                                            }
                                        ]
                                    },
                                    {
                                        "type":"Sequence",
                                        "name":"识别时间流程",
                                        "children":[
                                            {
                                                "type":"Condition",
                                                "name":"根据图片识别文本",
                                                "Function":"识别屏幕_本地神经网络识别_二值化",
                                                "params":"$神经网络识别_二值化"
                                            },
                                            {
                                                "type":"Condition",
                                                "name":"有指定字符串",
                                                "Function":"文本内容搜索",
                                                "params":"后任务刷新|分|秒"
                                            },
                                            {
                                                "type":"Condition",
                                                "name":"提取成熟时间",
                                                "Function":"在识别结果中提取时间",
                                                "params":"魔法任务"
                                            }
                                        ]
                                    }
                                ]
                            },
                            {
                                "type":"Selector",
                                "name":"处理果实选择状态",
                                "children":[
                                    {
                                        "type":"Condition",
                                        "name":"点击选择果实",
                                        "Function":"点击图片",
                                        "params":"$点击选择果实"
                                    },
                                    {
                                        "type":"Condition",
                                        "name":"跳出循环",
                                        "Function":"跳出循环体",
                                        "params":"果实已提交，结束任务!!!"
                                    }   
                                ]
                            }
                        ]
                    }
                ]
            }
            
        
        ]
    },
    "活动仓库界面":{
        "type":"Sequence",
        "name":"仓库界面",
        "children":[
            {
                "type":"Condition",
                "name":"是仓库界面",
                "Function":"模板匹配找图",
                "params":"$是仓库界面"
            },
            {
                "type":"Selector",
                "name":"仓库界面",
                "children":[
                    {
                        "点击解锁@通用.点击解锁":{}
                    },
                    {
                        "type":"Condition",
                        "name":"点击选择",
                        "Function":"点击颜色",
                        "params":"$点击选择"
                    },
                    {
                        "type":"Sequence",
                        "name":"提交果实动作",
                        "children":[
                            {
                                "type":"Condition",
                                "name":"有果实",
                                "Function":"模板匹配找图",
                                "params":"$有果实"
                            },
                            {
                                "type": "Action",
                                "name": "滑动仓库",
                                "Function":"滑动",
                                "params": "$滑动仓库"
                            },
                            {
                                "type": "Action",
                                "name": "延时1s",
                                "Function":"延时",
                                "params": 1000
                            },
                            {
                                "遍历果实位置@魔法任务.遍历果实位置":{}
                            }
                            
                        ]
                    },
                    {
                        "type":"Condition",
                        "name":"跳出循环",
                        "Function":"跳出循环体",
                        "params":"没有果实，结束做活动!!!"
                    }
                ]
            }
            
        ] 
    },
    "寻找商人位置":{
        "type":"Sequence",
        "name":"找魔法任务商人流程",
        "children":[
            {   
                "复位@奇迹.前往活动区域":{}
            },
            {
                "type":"Selector",
                "name":"魔法任务",
                "children":[
                    {
                        "寻找商人位置@奇迹.寻找商人位置":{}
                    },
                    {
                        "type":"Sequence",
                        "name":"否则换位置",
                        "children":[
                            {
                                "type": "Action",
                                "name": "位置加1",
                                "Function":"变量运算",
                                "params": ["blackboard.data.魔法任务位置","+",1]
                            },
                            {
                                "type": "Condition",
                                "name": "位置加1",
                                "Function":"比较变量",
                                "params": ["blackboard.data.魔法任务位置",">=",5]
                            },
                            {
                                "type":"Inverter",
                                "name":"设置变量为1",
                                "children":[
                                    {
                                        "type":"Action",
                                        "name":"清零",
                                        "Function":"setval",
                                        "params":["blackboard.data.魔法任务位置",1]
                                    }
                                ]
                                
                            }
                        ]
                    }
                ]
            }
        ]
    },
    "是魔法任务商人":{
        "type":"Condition",
        "name":"是魔法任务商人",
        "Function":"点击图片",
        "params":"$点击魔法任务"
    },
    
    "namespace":"魔法任务"
}