{
    "点击复位":{
        "type": "Action",
        "name": "点击复位",
        "Function":"点击",
        "params": [1208,649]
    },
    "点击发射器":{
        "type": "Action",
        "name": "点击发射器",
        "Function":"点击",
        "params": [975,455]
    },
    "点击务农小车":{
        "type": "Action",
        "name": "点击务农小车",
        "Function":"点击",
        "params": [1104,393]
    },
    "点击问号":{
        "type": "Action",
        "name": "点击 ? 号",
        "Function":"点击",
        "params": [161,313]
    },
    "点击通用按钮":{
        "type": "Action",
        "name": "点击通用按钮",
        "Function":"点击",
        "params": [1118,567,1000]
    },
    "点击奇迹无人机":{
        "type":"Action",
        "name":"点击无人机",
        "Function":"点击",
        "params":[976,458,500]
    },
    "点击启动无人机":{
        "type": "Action",
        "name": "点击启动无人机",
        "Function":"点击",
        "params": [974,456]
    },
    "点击靶子":{
        "type":"Condition",
        "name":"点击靶子",
        "Function":"点击",
        "params":[976,456,800] 
    },
    "点击放大镜":{
        "type":"Condition",
        "name":"点击放大镜",
        "Function":"点击图片",
        "params":[898,383,1058,534,"sdcard/元梦挂机脚本目录/图片/农场/放大镜.png",0.7,[57,53]]
    },
    "点击切换模式":{
        "type":"Action",
        "name":"点击切换模式",
        "Function":"点击",
        "params":[1201,568]
    },
    "点击后退旧版":{
        "type":"Condition",
        "name":"点击后退",
        "Function":"点击颜色",
        "params":[1,1,112,106,"363636","-8|-4|353536|-20|3|363636|-10|1|353436|8|-6|bbb552|-5|6|ffe861|8|0|373636|-2|-4|353536|-9|5|ffeb63|9|3|807844",0,0.9]
    },
    "点击后退":{
        "type":"Condition",
        "name":"点击后退",
        "Function":"点击颜色",
        "params":[18,15,84,78,"ff5c2c-101010","-1|-2|ff542a-101010|13|-6|ff4c27-101010|-3|-16|ff5f24-101010|10|-2|ff5028-101010|-16|3|ff4d23-101010|-1|17|ff5529-101010|14|-5|ff4d28-101010|9|0|ff5129-101010|15|-5|ff4925-101010|-14|-3|ffea77-101010",1,0.9]
    },
    "点击解锁":{
        "type":"Condition",
        "name":"点击解锁",
        "Function":"点击图片",
        "params":[775,615,862,689,"sdcard/元梦挂机脚本目录/图片/通用/锁定.png",0.8,[21,22]]
    },
    "点击空白区域":{
        "type":"Condition",
        "name":"点击空白区域",
        "Function":"点击图片",
        "params":[552,639,728,683,"sdcard/元梦挂机脚本目录/图片/通用/点击空白区域.png",0.85]       
    },
    "点击切换农场":{
        "type": "Action",
        "name": "点击切换农场",
        "Function":"点击",
        "params": [844,604]
    },
    "点击确定":{
        "type":"Condition",
        "name":"点击确定",
        "Function":"点击图片",
        "params":[662,420,882,494,"sdcard/元梦挂机脚本目录/图片/通用/确定.png",0.9]
    },
    "是在发射状态":{
        "type":"Condition",
        "name":"是在发射状态",
        "Function":"模板匹配找图",
        "params":[70,9,186,80,"sdcard/元梦挂机脚本目录/图片/农场/发射器.png",0.8]
    },
    "是在屋外":{
        "type":"Condition",
        "name":"是在屋外",
        "Function":"模板匹配找图",
        "params":[1111,0,1203,97,"sdcard/元梦挂机脚本目录/图片/农场/装饰.png",0.8]
    },
    "是在屋内":{
        "type":"Condition",
        "name":"是在屋内",
        "Function":"模板匹配找图",
        "params":[1111,0,1203,97,"sdcard/元梦挂机脚本目录/图片/农场/装修.png",0.8]
    },
    "是在农场内":{
        "type":"Condition",
        "name":"在农场内",
        "Function":"区域多点找色",
        "params":[517,1,616,82,"f1c72f","2|7|fdda48|14|4|17a763|5|16|71d54e|-9|8|50ba51",0,0.9]
    },
    "是在奇迹内":{
        "type":"Condition",
        "name":"在奇迹世界里",
        "Function":"区域多点找色",
        "params":[517,1,616,82,"f9d827","4|5|e4940d|11|-5|ff83f8|-13|-6|fcbd1e|1|11|efd0fd",0,0.9]
    },
    "是在主世界":{
        "type":"Condition",
        "name":"在主世界",
        "Function":"模板匹配找图",
        "params":[22,19,123,108,"sdcard/元梦挂机脚本目录/图片/通用/开始按钮.png",0.9]
    },
    "是在主界面":{
        "type":"Condition",
        "name":"在主界面",
        "Function":"模板匹配找图",
        "params":[1102,101,1279,360,"sdcard/元梦挂机脚本目录/图片/通用/社交.png",0.9]
    },
    "有活动图片":{
        "type":"Condition",
        "name":"在主界面",
        "Function":"模板匹配找图",
        "params":[914,3,1248,97,"sdcard/元梦挂机脚本目录/图片/通用/活动.png",0.75]
    },
    "有提示界面":{
        "type":"Condition",
        "name":"有提示界面",
        "Function":"模板匹配找图",
        "params":[359,171,465,242,"sdcard/元梦挂机脚本目录/图片/通用/提示.png",0.9]
    },
    "有计时界面":{
        "type":"Condition",
        "name":"有计时界面",
        "Function":"区域多点找色",
        "params":[18,160,180,353,"e2e5ea-020202","134|20|e4e4eb-020202|135|70|f5efe9-020202|0|72|e4e5eb|139|135|e4e6ed",1,0.9]
    },
    "向小旋风滑动":{
        "type":"Action",
        "name":"向小旋风移动",
        "Function":"滑动",
        "params":[249,527,34,348,1200,1100]
    },
    "向屋外滑动":{
        "type": "Action",
        "name": "向房屋大门外滑动",
        "Function":"滑动",
        "params": [250,524,250,700,2000]
    },
    "清鱼卡界面":{
        "type":"Condition",
        "name":"清鱼卡界面",
        "Function":"顺序函数",
        "params":[    
                    ["延时",1000],
                    ["是指定任务状态","水产"],
                    ["模板匹配找图",[0,0,0,0,"sdcard/元梦挂机脚本目录/图片/农场/获得鱼卡.png",0.7]],
                    ["点击",[281,696]]
                ]
            
    },
    "向发射器移动":{
        "type":"Sequence",
        "name":"向发射器移动",
        "children":[
            {
                "复位@通用.点击复位":{}
            },
            {
                "type": "Action",
                "name": "向右滑动",
                "Function":"滑动",
                "params": [252,524,502,524,1500]
            },
            {
                "type": "Action",
                "name": "修正位置",
                "Function":"滑动",
                "params": [252,524,252,411,700]
            },
            {
                
                "type":"Action",
                "name":"等待1秒",
                "Function":"延时",
                "params": 1000
            }
        ]
    },

    "空点击流程":{
        "type":"Inverter",
        "name":"取反",
        "children":[
            {
                "type":"Sequence",
                "name":"空点击流程",
                "children":[
                    {
                        "type":"Action",
                        "name":"点击",
                        "Function":"点击",
                        "params":[251,526]
                    },
                    {
                        "type":"Action",
                        "name":"等待1秒",
                        "Function":"延时",
                        "params":1000
                    }
                ]
            }
        ]
    },
    
    "namespace":"通用"
}