{   
    "基础":{
        "$点击种子商店":[1007,95,1128,473,"82cd51-101010","-6|-2|7ed04b-101010|16|13|67cc27-101010|18|-3|81cc54-101010|5|18|caff90-101010|3|-15|8fff3a-101010",1,0.9],
        "$点击宠物商店":[1007,95,1128,473,"f5910e-101010","1|-9|f5910e-101010|4|8|f5910e-101010|3|-8|f2910d-101010|-8|-12|f4910f-101010|-1|-14|f5910e-101010|-1|3|f5910e-101010|0|9|f5910e-101010|-4|-11|f5910e-101010|-3|3|f5910e-101010",1,0.9],
        "$点击工具商店":[1007,95,1128,473,"209ee9-101010","9|-2|2e9fe9-101010|-5|0|209ee9-101010|-8|1|23a0e7-101010|7|16|20a0ed-101010|-8|18|209fea-101010|12|20|1ba1e4-101010|4|23|209ee9-101010|15|3|209ee9-101010|7|-2|2e9fe9-101010",1,0.9],
        

        "$点击全部":[747,623,1265,702,"cecfcf","38|4|656565|11|-12|cecfcf|-8|4|cecfcf|-2|-24|eceded|287|-1|ffe672",0,0.9],
        "$点击宠物商店_图片":[806,363,1086,421,"sdcard/元梦挂机脚本目录/图片/商店/宠物商店.png",0.9],

        "$点击批量购买":[777,629,923,692,"ffe74e","-55|-16|ffef6a|-55|13|ffeb5c|60|10|ffd03a|61|-17|ffe64b|-8|0|333333",0,0.9],
        
        "$点击确认购买":[500,470,786,561,"ffe74e","-19|-7|ffec5f|9|6|333333|-5|0|333333|-13|-17|ffec5f",0,0.9],
        "$点击结算":[747,623,1265,702,"ffe74e","-19|-7|ffec5f|9|6|333333|-5|0|333333|-13|-17|ffec5f",0,0.9],
        "$是商店界面":[132,15,217,76,"sdcard/元梦挂机脚本目录/图片/商店/商店.png",0.75],
        "$点击选择":[911,620,1119,690,"333333-101010","2|11|333333-101010|20|5|69623a|33|-3|333333-101010|10|-4|ffe74f-101010|-9|17|3b3a34-101010",0,0.95],
        "$取消购买收藏锁":[794,534,831,572,"363636","-7|-22|49df95|13|-20|4bea92|14|1|4beb91|-7|5|4beb91",1,0.9],

        "$取消购买绿蛋":[791,135,830,174,"363636-010101","-4|-19|4ae692-010101|12|3|4beb91-010101|11|-11|363636-010101|-9|2|4beb91-010101",1,0.9]
        
    },
    "购买种子@商店.基础":{
        "type":"Sequence",
        "name":"购买种子流程",
        "children":[
            {
                "type":"Condition",
                "name":"时间到了",
                "Function":"时间到了",
                "params":"购买种子"
            },
            {
                "type":"Condition",
                "name":"在空闲状态",
                "Function":"是指定任务状态",
                "params":"购买种子"
            }, 
            {
                "进入奇迹场景@奇迹.进入奇迹场景":{}
            },
            {
                "type":"Action",
                "name":"延时1s",
                "Function":"延时",
                "params":1000
            },
            {
                "点击复位@通用.点击复位":{}
            },
            {
                "点击靶子@通用.点击靶子":{}
            },
            {
                "type":"Action",
                "name":"延时2s",
                "Function":"延时",
                "params":2000
            },
            {
                "type":"Condition",
                "name":"点击种子商店",
                "Function":"点击颜色",
                "params":"$点击种子商店"
            },
            {
                "轮询对话@奇迹.轮询对话":{}
            },
            {
                "type":"Action",
                "name":"打印",
                "Function":"顺序函数",
                "params":[
                    ["print","\n-----开始购买种子----"],
                    ["log","开始购买种子"]
                ]
            },
            {
                "type":"Selector",
                "name":"购买策略选择",
                "children":[
                    {
                        "type":"Sequence",
                        "name":"批量购买流程",
                        "children":[
                            {
                                "type":"Condition",
                                "name":"批量购买被勾选",
                                "Function":"比较变量",
                                "params":["CFG.page2.批量购买种子","==","true"]
                            },
                            {
                                "type":"RepeaterEX",
                                "maxCount":20,
                                "name":"轮询购买种子",
                                "children":[
                                    {
                                        "type":"Selector",
                                        "name":"购买流程",
                                        "children":[
                                            {
                                                "type":"Inverter",
                                                "name":"延时5ms",
                                                "children":[
                                                    {
                                                        "type":"Action",
                                                        "name":"延时",
                                                        "Function":"延时",
                                                        "params":500
                                                    }
                                                ]
                                            },
                                            {
                                                "type":"Condition",
                                                "name":"点击批量购买",
                                                "Function":"点击颜色",
                                                "params":"$点击批量购买"
                                            },
                                            {
                                                "type":"Condition",
                                                "name":"点击全部",
                                                "Function":"点击颜色",
                                                "params":"$点击全部"
                                            },
                                            {
                                                "type":"Condition",
                                                "name":"点击结算",
                                                "Function":"点击颜色",
                                                "params":"$点击结算"
                                            },
                                            {
                                                "type":"Condition",
                                                "name":"点击确认购买",
                                                "Function":"点击颜色",
                                                "params":"$点击确认购买"
                                            },
                                            {
                                                "type":"Sequence",
                                                "name":"退出流程",
                                                "children":[
                                                    {
                                                        "点击空白区域@通用.点击空白区域":{}
                                                    },
                                                    {
                                                        "type":"Action",
                                                        "name":"结束轮询",
                                                        "Function":"跳出循环体",
                                                        "params":"结束轮询->购买种子"
                                                    },
                                                    {
                                                        "type":"Action",
                                                        "name":"延时2s",
                                                        "Function":"延时",
                                                        "params":2000
                                                    }
                                                ]
                                            }
                                            
                                        ]
                                    }
                                ]
                            }
                        ]
                    },
                    {
                        "执行购买流程@商店.执行购买流程":{}
                    }
                    
                ]
            },
            {
                "type":"Action",
                "name":"计算下个周期",
                "Function":"下次周期点",
                "params":{
                    "变量":"购买种子",
                    "周期":300
                }
            },
            {
                "轮询点击退出@奇迹.轮询点击退出":{}
            }
        ]
    },
    "购买工具@商店.基础":{
        "type":"Sequence",
        "name":"购买工具流程",
        "children":[
            {
                "type":"Condition",
                "name":"时间到了",
                "Function":"时间到了",
                "params":"购买工具"
            },
            {
                "type":"Condition",
                "name":"在空闲状态",
                "Function":"是指定任务状态",
                "params":"购买工具"
            }, 
            {
                "进入奇迹场景@奇迹.进入奇迹场景":{}
            },
            {
                "type":"Action",
                "name":"延时1s",
                "Function":"延时",
                "params":1000
            },     
            {
                "点击复位@通用.点击复位":{}
            },
            {
                "点击靶子@通用.点击靶子":{}
            },
            {
                "type":"Action",
                "name":"延时1s",
                "Function":"延时",
                "params":1000
            },
            {
                "type":"Condition",
                "name":"点击工具商店",
                "Function":"点击颜色",
                "params":"$点击工具商店"
            },
            {
                "轮询对话@奇迹.轮询对话":{}
            },
            {
                "type":"Action",
                "name":"打印购买工具",
                "Function":"顺序函数",
                "params":[
                    ["print","\n-----开始购买工具----"],
                    ["log","开始购买工具"]
                ]
            },
            {
                "type":"RepeaterEX",
                "maxCount":20,
                "name":"轮询购买界面",
                "children":[
                    {
                        "type":"Selector",
                        "name":"购买界面",
                        "children":[
                            {
                                "type":"Inverter",
                                "name":"延时5ms",
                                "children":[
                                    {
                                        "type":"Action",
                                        "name":"延时",
                                        "Function":"延时",
                                        "params":500
                                    }
                                ]
                            },
                            {
                                "type":"Condition",
                                "name":"取消购买收藏锁",
                                "Function":"点击颜色",
                                "params":"$取消购买收藏锁"
                            },
                            {
                                "type":"Condition",
                                "name":"点击批量购买",
                                "Function":"点击颜色",
                                "params":"$点击批量购买"
                            },
                            {
                                "type":"Condition",
                                "name":"点击全部",
                                "Function":"点击颜色",
                                "params":"$点击全部"
                            },
                            {
                                "type":"Condition",
                                "name":"点击结算",
                                "Function":"点击颜色",
                                "params":"$点击结算"
                            },
                            {
                                "type":"Condition",
                                "name":"点击确认购买",
                                "Function":"点击颜色",
                                "params":"$点击确认购买"
                            },
                            {
                                "type":"Sequence",
                                "name":"退出流程",
                                "children":[
                                    {
                                        "点击空白区域@通用.点击空白区域":{}
                                    },
                                    {
                                        "type":"Action",
                                        "name":"结束轮询",
                                        "Function":"跳出循环体",
                                        "params":"结束轮询->购买工具"
                                    },
                                    {
                                        "type":"Action",
                                        "name":"延时2s",
                                        "Function":"延时",
                                        "params":2000
                                    }
                                ]
                            }
                        ]
                    }
                ]
            },
            {
                "type":"Action",
                "name":"计算下个周期",
                "Function":"下次周期点",
                "params":{
                    "变量":"购买工具",
                    "周期":3600
                }
            },
            {
                "轮询点击退出@奇迹.轮询点击退出":{}
            }
        ]
    },
    "购买宠物@商店.基础":{
        "type":"Sequence",
        "name":"购买宠物流程",
        "children":[
            {
                "type":"Condition",
                "name":"时间到了",
                "Function":"时间到了",
                "params":"购买宠物"
            },
            {
                "type":"Condition",
                "name":"在空闲状态",
                "Function":"是指定任务状态",
                "params":"购买宠物"
            }, 
            {
                "进入奇迹场景@奇迹.进入奇迹场景":{}
            }, 
            {
                "type":"Action",
                "name":"延时1s",
                "Function":"延时",
                "params":1000
            },    
            {
                "点击复位@通用.点击复位":{}
            },
            {
                "点击靶子@通用.点击靶子":{}
            },
            {
                "type":"Action",
                "name":"延时1s",
                "Function":"延时",
                "params":1000
            },
            {
                "type":"Condition",
                "name":"点击宠物商店",
                "Function":"点击颜色",
                "params":"$点击宠物商店"
            },
            {
                "轮询对话@奇迹.轮询对话":{}
            },
            {
                "type":"Action",
                "name":"打印购买工具",
                "Function":"顺序函数",
                "params":[
                    ["print","\n-----开始购买宠物----"],
                    ["log","开始购买宠物"]
                ]
            },
            {
                "type":"RepeaterEX",
                "maxCount":20,
                "name":"轮询购买界面",
                "children":[
                    {
                        "type":"Selector",
                        "name":"购买界面",
                        "children":[
                            {
                                "type":"Inverter",
                                "name":"延时5ms",
                                "children":[
                                    {
                                        "type":"Action",
                                        "name":"延时",
                                        "Function":"延时",
                                        "params":500
                                    }
                                ]
                            },
                            {
                                "type":"Sequence",
                                "name":"退出流程",
                                "children":[
                                    {
                                        "点击空白区域@通用.点击空白区域":{}
                                    },
                                    {
                                        "type":"Action",
                                        "name":"结束轮询",
                                        "Function":"跳出循环体",
                                        "params":"结束轮询->购买宠物"
                                    },
                                    {
                                        "type":"Action",
                                        "name":"延时2s",
                                        "Function":"延时",
                                        "params":2000
                                    }
                                ]
                            },
                            {
                                "type":"Condition",
                                "name":"点击批量购买",
                                "Function":"点击颜色",
                                "params":"$取消购买绿蛋"
                            },
                            {
                                "type":"Condition",
                                "name":"点击批量购买",
                                "Function":"点击颜色",
                                "params":"$点击批量购买"
                            },
                            {
                                "type":"Condition",
                                "name":"点击全部",
                                "Function":"点击颜色",
                                "params":"$点击全部"
                            },
                            {
                                "type":"Condition",
                                "name":"点击结算",
                                "Function":"点击颜色",
                                "params":"$点击结算"
                            },
                            {
                                "type":"Condition",
                                "name":"点击确认购买",
                                "Function":"点击颜色",
                                "params":"$点击确认购买"
                            },
                            {
                                "type":"Condition",
                                "name":"点击宠物商店",
                                "Function":"点击图片",
                                "params":"$点击宠物商店_图片"
                            }
                            
                        ]
                    }
                ]
            },
            {
                "type":"Action",
                "name":"计算下个周期",
                "Function":"下次周期点",
                "params":{
                    "变量":"购买宠物",
                    "周期":3600
                }
            },
            {
                "轮询点击退出@奇迹.轮询点击退出":{}
            }
        ]
    },
    "执行购买流程":{
        "type":"Condition",
        "name":"执行购买流程",
        "Function":"执行购买流程",
        "params":{
            "等待时长":2000,
            "向下滚动":[1031, 506, 1031, 175, 1000],
            "商店":[132,15,217,76,"sdcard/元梦挂机脚本目录/图片/商店/商店.png",0.75],
            "购买按钮":[1112, 64, 1251, 643, "sdcard/元梦挂机脚本目录/图片/商店/购买.png", "101010", 0, 0.9],
            "确定购买":[505,479,763,559,"sdcard/元梦挂机脚本目录/图片/商店/奇迹币.png",0.8],
            "品质映射表":["普通", "优秀", "稀有", "非凡", "臻藏", "史诗"],
            "图片名称列表":["普通.png", "优秀.png", "稀有.png", "非凡.png", "臻藏.png", "史诗.png"],
            "点击空白区域":[540,628,737,691,"sdcard/元梦挂机脚本目录/图片/通用/点击空白区域.png",0.8],
            "颜色":"b9b7b7-030303|85ba1a-030303|20a7f5-050505|ba58e8-050505|fd9726-050505|ff6375-050505",
            "文本识别区域偏移":{"x":-270, "y":-62, "宽度":244, "高度":64},
            "品质识别率":0.85,
            "循环次数":6,
            "品质图片表":{
                "普通":["sdcard/元梦挂机脚本目录/图片/商店/普通.png",0.85],
                "优秀":["sdcard/元梦挂机脚本目录/图片/商店/优秀.png",0.85],
                "稀有":["sdcard/元梦挂机脚本目录/图片/商店/稀有.png",0.85],
                "非凡":["sdcard/元梦挂机脚本目录/图片/商店/非凡.png",0.85],
                "臻藏":["sdcard/元梦挂机脚本目录/图片/商店/臻藏.png",0.85],
                "史诗":["sdcard/元梦挂机脚本目录/图片/商店/史诗.png",0.85]
            }
        }
    },
    "namespace":"商店"
}