{
    "动作@农场.动作":{
        "$模式":"加工",
        "$停机模式检测器":"全部|加工",
        "$可收获匹配":"可收获",
        "$不可收获匹配":"后收获",
        "$设置可收获":["blackboard.data.加工",0],
        "$无月卡收获流程":"加工收获无月卡@加工.收获无月卡"
    },
    "收获无月卡":{
        "type":"Sequence",
        "name":"无月卡收获",
        "children":[
            {
                "type":"Inverter",
                "name":"无月卡",
                "children":[
                    {
                        "type":"Condition",
                        "name":"获取月卡状态",
                        "Function":"获取月卡状态",
                        "params":"农场月卡"
                    }
                ]
            },
            {
                "type":"Condition",
                "name":"可点击机器",
                "Function":"判断是否已点击机器",
                "params":"$模式"
            },
            {
                "type":"Selector",
                "name":"分析在屋内还是屋外",
                "children":[
                    {
                        "type":"Sequence",
                        "name":"屋外流程",
                        "children":[
                            {
                                "是在屋外@通用.是在屋外":{}
                            },
                            {
                                "向发射器移动@通用.向发射器移动":{}
                            },
                            {
                                "点击放大镜@通用.点击放大镜":{}
                            },
                            {
                                "type": "Action",
                                "name": "等待1.5",
                                "Function":"延时",
                                "params": 1500
                            },
                            {
                                "是在发射状态@通用.是在发射状态":{}
                            },
                            {
                                "type": "Action",
                                "name": "滑动发射器",
                                "Function":"滑动",
                                "params": [640,359,465,310,2000]
                            },
                            {
                                "type": "Action",
                                "name": "等待0.5秒",
                                "Function":"延时",
                                "params": 500
                            },
                            {
                                "点击通用按钮@通用.点击通用按钮":{"name":"点击发射"}
                            },
                            {
                                "type":"Action",
                                "name":"等待3秒",
                                "Function":"延时",
                                "params":3500
                            },
                            {
                                "type": "Action",
                                "name": "向房屋大门滑动",
                                "Function":"滑动",
                                "params": [251,524,251,350,2000]
                            },
                            {
                                "点击通用按钮@通用.点击通用按钮":{}
                            }
                        ]
                    },
                    {
                        "type":"Sequence",
                        "name":"屋内流程",
                        "children":[
                            {
                                "是在屋内@通用.是在屋内":{}
                            },
                            {
                                "收获@加工.无月卡收获节点":{}
                            },
                            {
                                "点击复位@通用.点击复位":{}
                            },
                            {
                                "type":"Inverter",
                                "name":"取反",
                                "children":[
                                    {
                                        "检查是否有遗漏@加工.检查是否有遗漏":{}
                                    }
                                ]
                            },
                            {
                                "向屋外滑动@通用.向屋外滑动":{}
                            },
                            {
                                "type":"Action",
                                "name":"置收获间隔",
                                "Function":"置收获间隔",
                                "params": "$模式"
                            }
                        ]
                    }
                ]
            }
        ]
    },
    "无月卡收获节点":{
        "type":"Condition",
        "name":"收获流程",
        "Function":"收获加工无月卡",
        "params":{
            "找图范围":[1028,477,1210,662,"sdcard/元梦挂机脚本目录/图片/农场/清楚.png|sdcard/元梦挂机脚本目录/图片/农场/收获.png|sdcard/元梦挂机脚本目录/图片/农场/收获1.png",0.7],
            "点击后等待":2000,
            "点击加工":[1117,572],
            "权重有效期":["收获加工权重有效期",300],

            "文本识别参数":{
                "颜色":"ff9600-020202|333333-050505|656565-020202",
                "识别区域":[17,319,179,356],
                "搜索字符串":"后成熟|小时|分|秒"
            },
            "向前滑动":[251,524,251,476,300],
            "点击权重":{
                "key":"点击权重",
                "最大值":13
            },

            "移动权重":{
                "key":"移动权重",
                "最大值":20
            }
        }
    },
    "检查是否有遗漏":{
        "type":"Sequence",
        "name":"检查是否有遗漏",
        "children":[
            {
                "type":"Selector",
                "name":"找色",
                "children":[
                    {
                        "type":"Condition",
                        "name":"查找收获框",
                        "Function":"区域多点找色",
                        "params":[447,42,837,329,"d27a2e-101010","6|-1|ce732b-101010|-1|1|cc742b-101010|-9|-9|ce7b35-101010|-25|-11|be6c2b-101010|5|1|d0762d-101010|6|-2|d1782d-101010|-2|1|cf782d-101010|-10|-10|ce7a34-101010|-25|2|e29649-101010",1,0.9]
                    },
                    {
                        "type":"Condition",
                        "name":"查找蓝色加工",
                        "Function":"区域多点找色",
                        "params":[447,42,837,329,"19c2cc-101010","-1|-3|1ac3cd-101010|-13|24|1dd1fc-101010|-6|20|1bc3cc-101010|1|21|1bc3cd-101010|6|-2|1bc2cc-101010|1|-36|fff156-101010|10|6|1ac2cc-101010|12|9|1bc3cd-101010|-1|-22|fff156-101010",1,0.9]
                    }
                ]
            },
            {
                "type":"Action",
                "name":"打印",
                "Function":"log",
                "params":"检查到有遗漏重置移动权重"
            },
            {
                "type":"Action",
                "name":"重置移动权重",
                "Function":"区域多点找色",
                "params":{"key":"移动权重","value":1,"类型":"置权重"}
            }
        ]
    },
    "namespace":"加工"
}