{
    "基础":{
        "$点击活动区域":[1005,89,1211,466,"f7564f-101010","-11|-2|f9554e-101010|6|7|f75750-101010|-8|-3|f75750-101010|9|11|f75750-101010|-3|-9|f9544e-101010|-10|-3|f75750-101010|4|14|f95b54-101010|9|8|f75750-101010|0|6|f7564f-101010",1,0.9],
        
        "$点击提交":[860,602,1174,705,"sdcard/元梦挂机脚本目录/图片/奇迹农场/提交.png",0.9,[32,17]],
        "$点击对话":[887,383,1053,524,"sdcard/元梦挂机脚本目录/图片/奇迹农场/对话.png|sdcard/元梦挂机脚本目录/图片/奇迹农场/对话1.png",0.7,[47,47]],
        "$奖励说明":[801,416,1095,500,"sdcard/元梦挂机脚本目录/图片/缤纷任务/奖励说明.png",0.85],
        "$点击幻月积分":[807,293,1091,355,"sdcard/元梦挂机脚本目录/图片/幻月任务/幻月积分.png|sdcard/元梦挂机脚本目录/图片/幻月任务/可提交_幻月积分.png",0.85,[49,10]],
        "$礼盒按钮":[906,392,1042,529,"sdcard/元梦挂机脚本目录/图片/奇迹农场/送礼1.png",0.8],

        "$勾选今日不再提醒":[557,357,598,396,"9b9da6","-13|-9|9b9da5|11|10|9b9da6|-12|12|979ba6",1,0.9],

        "$找图奇迹农场":[782,632,924,715,"sdcard/元梦挂机脚本目录/图片/奇迹农场/奇迹农场.png",0.8],
        "$点击进入奇迹":[782,632,924,715,"sdcard/元梦挂机脚本目录/图片/奇迹农场/奇迹农场.png",0.8,[40,-40]],
        "$向奇迹传送门移动":[251,524,540,709,2500],

        "$点击打开仓库":[1219,113],
        "$点击出售":[716,591,1202,696,"sdcard/元梦挂机脚本目录/图片/奇迹农场/出售.png",0.9,[36,20]],
        "$点击批量出售":[716,591,1202,696,"sdcard/元梦挂机脚本目录/图片/奇迹农场/批量出售.png",0.9,[62,14]],
        "$点击果实":[1211,157,1263,238,"465560","11|-14|b8bec1|22|-32|f0f3f3|12|-1|eaeded",0,0.93,[0,0]],
        "$果实标签页":[1199,143,1279,254,"sdcard/元梦挂机脚本目录/图片/奇迹农场/果实.png",0.9],

        "$是在采集中":[522,178,759,257,"sdcard/元梦挂机脚本目录/图片/奇迹农场/自动采集中.png",0.7],
        "$监视收获按钮":[
            ["模板匹配找图_二值化",[889,372,1052,533,"sdcard/元梦挂机脚本目录/图片/奇迹农场/收获.png",0.8,210]],
            ["滑动",[975,454,975,454,2000]]
        ],

        "$旋转视角":[919,303,600,303,1000],
        "$旋转视角2":[919,303,500,303,1500],
        "$旋转视角3":[919,303,700,303,4000],
        "$找商人位置1":[252,526,199,701,3000,3500],
        "$找商人位置2":[252,526,320,701,3000,3500],
        "$找商人位置3":[250,527,336,318,3500,3500],
        "$找商人位置4":[250,527,190,322,3300,3500],

        "$向前滑动":[250,525,250,300,700]
    },
    "动作@奇迹.基础":{
        "type":"Sequence",
        "name":"奇迹农场",        
        "children":[
            {
                "收获奇迹果实@奇迹.收获奇迹果实":{}
            },
            {
                "type":"Inverter",
                "name":"购买工具",
                "skip_resolve":"购买工具",
                "children":[
                    {
                        "购买工具@商店.购买工具":{}
                    }
                ]
            },
            {
                "type":"Inverter",
                "name":"购买宠物",
                "skip_resolve":"购买宠物",
                "children":[
                    {
                        "购买宠物@商店.购买宠物":{}
                    }
                ]
            },
            {
                "type":"Inverter",
                "name":"购买种子",
                "skip_resolve":"购买种子",
                "children":[
                    {
                        "购买种子@商店.购买种子":{}
                    }
                ]
            },
            {
                "type":"Inverter",
                "name":"喂奇迹宠物",
                "skip_resolve":"喂奇迹宠物",
                "children":[
                    {
                        "喂奇迹宠物@奇迹.喂奇迹宠物":{}
                    }
                ]
            }
        ]
    },
    "出售奇迹果实":{
        "type":"Sequence",
        "skip_resolve":"出售奇迹果实",
        "name":"出售果实流程",
        "children":[
            {
                "type":"Action",
                "name":"等待5秒",
                "Function":"延时",
                "params":5000
            },
            {
                "type":"Action",
                "name":"打印消息",
                "Function":"print",
                "params":"\n---->开始出售奇迹果实<----"
            },
            {
                "type":"Action",
                "name":"打开仓库",
                "Function":"点击",
                "params":"$点击打开仓库"
            },
            {
                "type":"RepeaterEX",
                "name":"轮询出售库存",
                "maxCount":6,
                "children":[            
                    {
                        "type":"Selector",
                        "name":"出售货物动作",
                        "children":[
                            {
                                "type":"Inverter",
                                "name":"等待500毫秒",
                                "children":[
                                    {
                                        "type":"Action",
                                        "name":"延时500ms",
                                        "Function":"延时",
                                        "params":500
                                    }
                                ]   
                            },
                            {
                                "type":"Sequence",
                                "name":"结束出售流程",
                                "children":[
                                    {
                                        "点击空白区域@通用.点击空白区域":{}
                                    },
                                    {
                                        "type":"Action",
                                        "name":"结束轮询",
                                        "Function":"跳出循环体",
                                        "params":"结束轮询->出售果实"
                                    },
                                    {
                                        "type":"Action",
                                        "name":"延时1s",
                                        "Function":"延时",
                                        "params":1000
                                    }
                                ]
                            },
                            {
                                "type":"Sequence",
                                "name":"批量出售流程",
                                "children":[
                                    {
                                        "type":"Condition",
                                        "name":"是在果实标签页",
                                        "Function":"模板匹配找图",
                                        "params":"$果实标签页"
                                    },
                                    {
                                        "type":"Condition",
                                        "name":"点击批量出售",
                                        "Function":"点击图片",
                                        "params":"$点击批量出售"
                                    }
                                ]
                            },
                            {
                                "type":"Condition",
                                "name":"点击果实",
                                "Function":"点击颜色",
                                "params":"$点击果实"
                            },
                            {
                                "type":"Sequence",
                                "name":"点击出售流程",
                                "children":[
                                    {
                                        "type":"Selector",
                                        "name":"选择非活动",
                                        "children":[
                                            {
                                                "type":"Sequence",
                                                "name":"非活动流程",
                                                "children":[
                                                    {
                                                        "type":"Condition",
                                                        "name":"是缤纷时间段",
                                                        "Function":"比较变量",
                                                        "params":["是周末","==",true]
                                                    },
                                                    {
                                                        "type":"Condition",
                                                        "name":"用户选择了非活动",
                                                        "Function":"比较变量",
                                                        "params":["CFG.page1.选择出售模式","==","1"]
                                                    },
                                                    {
                                                        "type":"Action",
                                                        "name":"勾选非活动",
                                                        "Function":"点击颜色",
                                                        "params":[828,579,858,608,"dbd8d3-010101","12|-10|dbd8d3-010101|18|-9|dbd8d3-010101|5|8|dbd9d5-010101|-1|-1|dbd8d3-010101",1,0.9]
                                                    }
                                                ]
                                            },
                                            {
                                                "type":"Action",
                                                "name":"勾选全部",
                                                "Function":"点击颜色",
                                                "params":[731,579,762,609,"dbd8d3-010101","12|-10|dbd8d3-010101|18|-9|dbd8d3-010101|5|8|dbd9d5-010101|-1|-1|dbd8d3-010101",1,0.9]
                                            }
                                        ]
                                    },
                                    {
                                        "type":"Condition",
                                        "name":"点击出售",
                                        "Function":"点击图片_高级找图",
                                        "params":"$点击出售"
                                    }
                                ]
                            }
                               
                        ]
                    }
                    
                ]
            },
            {
                "轮询点击退出@奇迹.轮询点击退出":{}
            }
            
        ] 
    },
    "出售奇迹果实流程":{
        "type":"Sequence",
        "name":"出售奇迹果实流程",
        "children":[
            {
                "type":"Action",
                "name":"等待5秒",
                "Function":"延时",
                "params":5000
            },
            {
                "type":"Action",
                "name":"打印消息",
                "Function":"print",
                "params":"---->开始出售奇迹果实<----"
            },
            {
                "type":"Action",
                "name":"打开仓库",
                "Function":"点击",
                "params":"$点击打开仓库"
            },
            {
                "type":"Action",
                "name":"延时500ms",
                "Function":"延时",
                "params":1000
            },
            {
                "type":"Action",
                "name":"点击果实",
                "Function":"点击颜色",
                "params":"$点击果实"
            },
            {
                "type":"Action",
                "name":"延时500ms",
                "Function":"延时",
                "params":1000
            },
            {
                "type":"Action",
                "name":"点击批量出售",
                "Function":"点击图片",
                "params":"$点击批量出售"
            },
            {
                "type":"Action",
                "name":"延时500ms",
                "Function":"延时",
                "params":2000
            },
            {
                "type":"Selector",
                "name":"选择非活动",
                "children":[
                    {
                        "type":"Sequence",
                        "name":"非活动流程",
                        "children":[
                            {
                                "type":"Condition",
                                "name":"是缤纷时间段",
                                "Function":"在周末时间段"
                                
                            },
                            {
                                "type":"Condition",
                                "name":"用户选择了非活动",
                                "Function":"比较变量",
                                "params":["CFG.page1.选择出售模式","==","1"]
                            },
                            {
                                "type":"Action",
                                "name":"勾选非活动",
                                "Function":"点击颜色",
                                "params":[828,579,858,608,"dbd8d3-010101","12|-10|dbd8d3-010101|18|-9|dbd8d3-010101|5|8|dbd9d5-010101|-1|-1|dbd8d3-010101",1,0.9]
                            }
                        ]
                    },
                    {
                        "type":"Action",
                        "name":"勾选全部",
                        "Function":"点击颜色",
                        "params":[731,579,762,609,"dbd8d3-010101","12|-10|dbd8d3-010101|18|-9|dbd8d3-010101|5|8|dbd9d5-010101|-1|-1|dbd8d3-010101",1,0.9]
                    }
                ]
            },
            {
                "type":"Action",
                "name":"延时500ms",
                "Function":"延时",
                "params":1000
            },
            {
                "type":"Action",
                "name":"点击出售",
                "Function":"点击图片_高级找图",
                "params":"$点击出售"
            },
            {
                "type":"Action",
                "name":"延时500ms",
                "Function":"延时",
                "params":1500
            },
            {
                "点击空白区域@通用.点击空白区域":{}
            },
            {
                "点击后退@通用.点击后退":{}
            }
        ]
    },
    "奇迹采集设置":{
        "type":"Condition",
        "name":"奇迹采集设置",
        "Function":"采集设置自动化脚本",
        "params":{
            "配置数据":{
            "品质":[
                ["品质","区域多点找色", [310,274,424,333,"4beb91","-20|-10|4ce999|12|8|4beb91|4|-11|4beb91",1,0.9], [387,303], [926,305]],
                ["普通","区域多点找色", [1073, 224, 1098, 254,"65edb1","11|-11|65edb1|-5|4|3c3c3c|0|-12|3c3c3c",1,0.9], [1023,239]],
                ["优秀","区域多点找色", [1073, 274, 1098, 304,"65edb1","11|-11|65edb1|-5|4|3c3c3c|0|-12|3c3c3c",1,0.9], [1023,289]],
                ["稀有","区域多点找色", [1073, 323, 1098, 353,"65edb1","11|-11|65edb1|-5|4|3c3c3c|0|-12|3c3c3c",1,0.9], [1023,336]],
                ["非凡","区域多点找色", [1073, 372, 1098, 402,"65edb1","11|-11|65edb1|-5|4|3c3c3c|0|-12|3c3c3c",1,0.9], [1023,386]],
                ["臻藏","区域多点找色", [1073, 422, 1098, 452,"65edb1","11|-11|65edb1|-5|4|3c3c3c|0|-12|3c3c3c",1,0.9], [1023,438]],
                ["史诗","区域多点找色", [1073, 471, 1098, 501,"65edb1","11|-11|65edb1|-5|4|3c3c3c|0|-12|3c3c3c",1,0.9], [1023,489]]
            ],
            "稀有度":[
                ["稀有度","区域多点找色",[313,342,423,402,"4beb91","-20|-10|4ce999|12|8|4beb91|4|-11|4beb91",1,0.9], [383,369], [927,373]],
                ["金色","区域多点找色", [1067, 270, 1092, 300,"65edb1","11|-11|65edb1|-5|4|3c3c3c|0|-12|3c3c3c",1,0.9], [1022,303]],
                ["彩色","区域多点找色", [1066, 322, 1091, 352,"65edb1","11|-11|65edb1|-5|4|3c3c3c|0|-12|3c3c3c",1,0.9], [1022,352]],
                ["炫彩","区域多点找色", [1066, 375, 1091, 405,"65edb1","11|-11|65edb1|-5|4|3c3c3c|0|-12|3c3c3c",1,0.9], [1022,406]]
            ]
            },
            "等待时长":2000,
            "确定":[916,101,1270,628,"sdcard/元梦挂机脚本目录/图片/奇迹农场/确定.png",0.9],
            "采集设置界面":[127,31,504,227,"sdcard/元梦挂机脚本目录/图片/奇迹农场/采集设置.png",0.8],
            "点击关闭设置":[1043,100],
            "采集设置齿轮":[935,371,1011,431,"sdcard/元梦挂机脚本目录/图片/奇迹农场/采集设置齿轮.png",0.85,[28,13]],
            "id":1
            
        }
    },
    "收获奇迹果实":{
        "type":"Inverter",
        "name":"收获果实",
        "skip_resolve":"收获奇迹果实",
        "children":[
            {
                "type":"Sequence",
                "name":"收获果实流程",
                "children":[
                    {
                        "type":"Condition",
                        "name":"时间到了",
                        "Function":"定时器EX",
                        "params":{
                            "页":"page0",
                            "控件名":"奇迹农场收获间隔",
                            "id":"奇迹收获间隔",
                            "类型":2
                        }
                    },
                    {
                        "type":"Condition",
                        "name":"在空闲状态",
                        "Function":"是指定任务状态",
                        "params":"收获奇迹果实"
                    },
                    {
                        "type":"Action",
                        "name":"设置当前任务",
                        "Function":"更新任务状态",
                        "params":"收获奇迹果实"
                    },
                    {
                        "进入奇迹场景@奇迹.进入奇迹场景":{}
                    },
                    {
                        "type":"Selector",
                        "name":"收获策略选择",
                        "children":[
                            {
                                "收获策略有月卡版@奇迹.收获策略有月卡版":{}
                            },
                            {
                                "收获果实无月卡版@奇迹.收获果实无月卡版-务农机版本":{}
                            }
                            
                        ]
                    },
                    {
                        "type":"Action",
                        "name":"置定时器开始计时",
                        "Function":"定时器EX",
                        "params":{
                            "页":"page0",
                            "控件名":"奇迹农场收获间隔",
                            "id":"奇迹收获间隔",
                            "类型":3
                        }
                    },
                    {
                        "type":"Action",
                        "name":"设置当前任务",
                        "Function":"更新任务状态",
                        "params":"空闲"
                    },
                    {
                        "type":"Action",
                        "name":"打印消息",
                        "Function":"log",
                        "params":"收获果实完成"
                    },
                    {
                        "出售奇迹果实流程@奇迹.出售奇迹果实流程":{}
                    }

                ]
            }
        ]
    },
    "收获策略有月卡版":{
        "type":"Sequence",
        "name":"收获有月卡流程",
        "children":[
            {
                "type":"Condition",
                "name":"获取月卡状态",
                "Function":"获取月卡状态",
                "params":"奇迹月卡"
            },
            {
                "点击复位@通用.点击复位":{}
            },
            {
                "向小旋风滑动@通用.向小旋风滑动":{}
            },
            {
                "type":"Action",
                "name":"打印消息",
                "Function":"顺序函数",
                "params":[
                    ["log","开始收获奇迹果实"],
                    ["print","\n------收获奇迹果实-----"]
                ]
            },
            {
                "奇迹采集设置@奇迹.奇迹采集设置":{"params":{"id":2}}
            },
            {
                "点击奇迹无人机@通用.点击奇迹无人机":{}
            },
            {
                "type":"Action",
                "name":"等待1.5秒",
                "Function":"延时",
                "params":1500
            },
            {
                "type":"Selector",
                "name":"是否有提示界面",
                "children":[
                    {
                        "type":"Sequence",
                        "name":"关闭提示界面流程",
                        "children":[
                            {
                                "有提示界面@通用.有提示界面":{}
                            },
                            {
                                "type":"Action",
                                "name":"勾选今日不再提醒",
                                "Function":"点击颜色",
                                "params":"$勾选今日不再提醒"
                            },
                            {
                                "type":"Action",
                                "name":"延时0.3秒",
                                "Function":"延时",
                                "params":300
                            },
                            {
                                "点击确定@通用.点击确定":{}
                            }

                        ]
                    },
                    {
                        "type":"Action",
                        "name":"打印信息",
                        "Function":"log",
                        "params":"收获完成"
                    }
                ]
            }
            
        ]
    },
    "收获果实无月卡版":{
        "type":"Sequence",
        "name":"收获果实无月卡流程",
        "children":[
            {
                "type":"Inverter",
                "name":"没有月卡执行",
                "children":[
                    {
                       "type":"Condition",
                        "name":"获取月卡状态",
                        "Function":"获取月卡状态",
                        "params":"奇迹月卡" 
                    }
                ]
            },
            {
                "type":"Selector",
                "name":"分析是否采集",
                "children":[
                    {
                        "type":"Sequence",
                        "name":"在收获流程",
                        "children":[
                            {
                                "type":"Condition",
                                "name":"是在采集中",
                                "Function":"模板匹配找图",
                                "params":"$是在采集中"
                            },
                            {
                                "type":"Action",
                                "name":"权重累加",
                                "Function":"权重",
                                "params":{"类型":"置权重","key":"收获果实失败次数"}
                            },
                            {
                                "type":"SelectorByVariable",
                                "name":"执行收获流程",
                                "defaultIndex":1,
                                "key":"收获奇迹果实位置变更",
                                "children":[
                                    {
                                        "type":"Sequence",
                                        "name":"收获流程1",
                                        "children":[
                                            {
                                                "_@通用.点击复位":{}
                                            },
                                            {
                                                "type":"Action",
                                                "name":"向前移动一段",
                                                "Function":"滑动",
                                                "params":[250,525,250,290,2000,1000]
                                            },
                                            {
                                                "type":"Action",
                                                "name":"滑动屏幕",
                                                "Function":"滑动",
                                                "params":[639,287,500,270,4000,500]
                                            },
                                            {
                                                "type":"Action",
                                                "name":"等待4秒",
                                                "Function":"延时",
                                                "params":5000
                                            }
                                        ]
                                    },
                                    {
                                        "type":"Sequence",
                                        "name":"收获流程2",
                                        "children":[
                                            {
                                                "_@通用.点击复位":{}
                                            },
                                            {
                                                "type":"Action",
                                                "name":"向前移动一段",
                                                "Function":"滑动",
                                                "params":[250,525,250,290,4000,1000]
                                            },
                                            {
                                                "type":"Action",
                                                "name":"滑动屏幕",
                                                "Function":"滑动",
                                                "params":[639,287,400,230,4000,500]
                                            },
                                            {
                                                "type":"Action",
                                                "name":"等待4秒",
                                                "Function":"延时",
                                                "params":5000
                                            }
                                        ]
                                    },
                                    {
                                        "type":"Sequence",
                                        "name":"收获流程3",
                                        "children":[
                                            {
                                                "_@通用.点击复位":{}
                                            },
                                            {
                                                "type":"Action",
                                                "name":"向前移动一段",
                                                "Function":"滑动",
                                                "params":[250,525,250,290,2000,1000]
                                            },
                                            {
                                                "type":"Action",
                                                "name":"滑动屏幕",
                                                "Function":"滑动",
                                                "params":[639,287,810,250,5000,500]
                                            },
                                            {
                                                "type":"Action",
                                                "name":"等待4秒",
                                                "Function":"延时",
                                                "params":5000
                                            }
                                        ]
                                    },
                                    {
                                        "type":"Sequence",
                                        "name":"收获流程4",
                                        "children":[
                                            {
                                                "_@通用.点击复位":{}
                                            },
                                            {
                                                "type":"Action",
                                                "name":"向前移动一段",
                                                "Function":"滑动",
                                                "params":[250,525,250,290,4000,1000]
                                            },
                                            {
                                                "type":"Action",
                                                "name":"滑动屏幕",
                                                "Function":"滑动",
                                                "params":[639,287,810,250,5000,500]
                                            },
                                            {
                                                "type":"Action",
                                                "name":"等待5秒",
                                                "Function":"延时",
                                                "params":5000
                                            }
                                        ]
                                    },
                                    {
                                        "type":"Sequence",
                                        "name":"收获流程5",
                                        "children":[
                                            {
                                                "_@通用.点击复位":{}
                                            },
                                            {
                                                "type":"Action",
                                                "name":"向前移动一段",
                                                "Function":"滑动",
                                                "params":[250,525,250,290,5000,1000]
                                            },
                                            {
                                                "type":"Action",
                                                "name":"滑动屏幕",
                                                "Function":"滑动",
                                                "params":[639,287,810,250,5000,500]
                                            },
                                            {
                                                "type":"Action",
                                                "name":"等待4秒",
                                                "Function":"延时",
                                                "params":5000
                                            }
                                        ]
                                    }
                                ]
                            },
                            {
                                "type":"Condition",
                                "name":"权重累加",
                                "Function":"权重",
                                "params":{"key":"收获奇迹果实位置变更","最大值":6,"最小值":1}
                            }
                        ]
                    },
                    {
                        "type":"Sequence",
                        "name":"采集动作",
                        "children":[
                            {
                                "type":"Inverter",
                                "name":"不在采集中",
                                "children":[
                                    {
                                        "type":"Condition",
                                        "name":"是在采集中",
                                        "Function":"模板匹配找图",
                                        "params":"$是在采集中"
                                    }
                                ]
                            },
                            {
                                "_@通用.点击复位":{}
                            },
                            {
                                "type":"Action",
                                "name":"向前移动一段",
                                "Function":"滑动",
                                "params":[250,525,250,290,2000]
                            },
                            {
                                "type":"Action",
                                "name":"监视对话按钮",
                                "Function":"启动线程",
                                "params":{
                                    "执行函数":"顺序函数",
                                    "运行时长":10,
                                    "参":"$监视收获按钮"
                                }
                            },
                            {
                                "type":"Action",
                                "name":"等待1s",
                                "Function":"延时",
                                "params":1000
                            },
                            {
                                "type":"Action",
                                "name":"滑动屏幕",
                                "Function":"滑动",
                                "params":[639,287,400,270,5000]
                            },
                            {
                                "type":"Action",
                                "name":"等待2s",
                                "Function":"延时",
                                "params":2000
                            },
                            {
                                "type":"Condition",
                                "name":"权重累加",
                                "Function":"权重",
                                "params":{"key":"收获果实失败次数","最大值":3}
                            }
                            
                        ]
                    }
                ]
            }
        ]
    },
    "进入奇迹场景":{
        "type":"Selector",
        "name":"分析场景",
        "children":[
            {
                "type":"Sequence",
                "name":"检查流程",
                "children":[
                    {
                        "是在奇迹内@通用.是在奇迹内":{}
                    },
                    {
                        "在主界面@通用.是在主界面":{}
                    }
                ]
            },
            {
                "在务农机状态中@奇迹.在务农机状态中":{}
            },
            {
                "type":"Sequence",
                "name":"点击后退流程",
                "children":[
                    {
                        "点击后退@通用.点击后退":{}
                    },
                    {
                        "是在奇迹内@通用.是在奇迹内":{}
                    },
                    {
                        "在主界面@通用.是在主界面":{}
                    }
                ]
            },
            {
                "type":"Sequence",
                "name":"从农场返回",
                "children":[
                    {
                        "是在农场内@通用.是在农场内":{}
                    },
                    {
                        "是在主界面@通用.是在主界面":{}
                    },
                    {
                        "点击复位@通用.点击复位":{}
                    },
                    {
                        "type": "Action",
                        "name": "向奇迹传送门滑动",
                        "Function":"滑动",
                        "params":"$向奇迹传送门移动"
                    },
                    {
                        "点击通用按钮@通用.点击通用按钮":{}
                    },
                    {
                        "type": "Action",
                        "name": "延时5秒",
                        "Function":"滑动",
                        "params": 5000
                    },
                    {
                        "是在奇迹内@通用.是在奇迹内":{}
                    }
                ]
            },
            {
                "type":"Sequence",
                "name":"从世界返回",
                "children":[
                    {
                        "是在主世界@通用.是在主世界":{}
                    },
                    {
                        "type":"Selector",
                        "name": "选择场景",
                        "children":[
                            {
                                "type":"Condition",
                                "name":"找图奇迹农场",
                                "Function":"模板匹配找图",
                                "params":"$找图奇迹农场"
                            },
                            {
                                "点击切换农场@通用.点击切换农场":{}
                            }
                        ]
                    },
                    {
                        "type": "Action",
                        "name": "延时3s",
                        "Function":"延时",
                        "params": 1000
                    },
                    {
                        "type":"Condition",
                        "name":"点击进入奇迹",
                        "Function":"点击图片",
                        "params":"$点击进入奇迹"
                    },
                    {
                        "type": "Action",
                        "name": "延时3s",
                        "Function":"延时",
                        "params": 5000
                    },
                    {
                        "是在奇迹内@通用.是在奇迹内":{}
                    }
                ]
            },
            {
                "清鱼卡界面@通用.清鱼卡界面":{}
            },
            {
                "空点击流程@通用.空点击流程":{}
            }
                
        ]
    },
    "前往活动区域":{
        "type":"Sequence",
        "name":"前往活动区域",
        "children":[
            {
                "type":"Action",
                "name":"延时0.5秒",
                "Function":"延时",
                "params":500
            },
            {
                "点击复位@通用.点击复位":{}
            },
            {
                "点击靶子@通用.点击靶子":{}
            },
            {
                "type":"Action",
                "name":"延时1s",
                "Function":"延时",
                "params":1000
            },
            {
                "type":"Condition",
                "name":"点击活动区域",
                "Function":"点击颜色",
                "params":"$点击活动区域"
            }
        ]
    },
    "点击对话框":{
        "type":"Selector",
        "name":"点击对话框",
        "children":[
            {
                "type":"Sequence",
                "name":"点击对话流程",
                "children":[
                    {
                        "type":"Action",
                        "name":"等待1秒",
                        "Function":"延时",
                        "params":1000
                    },
                    {
                        "type":"Condition",
                        "name":"点击对话状态",
                        "Function":"点击图片",
                        "params":"$点击对话"
                    },
                    {
                        "type":"Action",
                        "name":"重置权重",
                        "Function":"权重",
                        "params":{"类型":"置权重","key":"寻找缤纷商人失败次数","value":0}
                    }
                ]
            },
            {
                "type":"Sequence",
                "name":"在缤纷商人旁流程",
                "children":[
                    {
                        "type":"Condition",
                        "name":"在缤纷商人旁？",
                        "Function":"YOLO找图",
                        "params":"缤纷商人-0.5|西瓜-0.4"
                    },
                    {
                        "type":"Action",
                        "name":"重置权重",
                        "Function":"权重",
                        "params":{"类型":"置权重","key":"寻找缤纷商人失败次数","value":0}
                    },
                    {
                        "type":"Action",
                        "name":"监视对话按钮",
                        "Function":"启动线程",
                        "params":{
                            "执行函数":"点击图片",
                            "运行时长":16,
                            "参":[887,383,1053,524,"sdcard/元梦挂机脚本目录/图片/奇迹农场/对话.png|sdcard/元梦挂机脚本目录/图片/奇迹农场/对话1.png",0.7,[47,47]]
                        }
                    },
                    {
                        "type":"RepeaterEX",
                        "name":"滑动3次",
                        "maxCount":3,
                        "children":[
                            {
                                "type":"Action",
                                "name":"旋转",
                                "Function":"滑动",
                                "params":"$旋转视角3"
                            }
                        ]
                    }
                ]
            },
            {
                "type":"Sequence",
                "name":"点击对话权重",
                "children":[
                    {
                        "type":"Condition",
                        "name":"权重累加",
                        "Function":"权重",
                        "params":{"key":"寻找缤纷商人失败次数","最大值":3}
                    },
                    {
                        "type":"Action",
                        "name":"到达三次",
                        "Function":"设置黑板数据",
                        "params":{
                            "类型":"置黑板数据",
                            "键":"奇迹农场位置",
                            "值":0
                        }
                    }
                ]
            }
            
        ]

        
    },
    "轮询点击退出":{
        "type":"RepeaterEX",
        "maxCount":10,
        "name":"轮询5秒退出",
        "children":[
            {
                "type":"Selector",
                "name":"退出流程",
                "children":[
                    {
                        "type":"Inverter",
                        "name":"延时500ms",
                        "children":[
                            {
                                "type":"Action",
                                "name":"延时500ms",
                                "Function":"延时",
                                "params":500
                            }
                        ]
                    },
                    {
                        "点击后退@通用.点击后退":{}
                    },
                    {
                        "type":"Sequence",
                        "name":"退出流程",
                        "children":[
                            {
                                "是在主界面@通用.是在主界面":{}
                            },
                            {
                                "type":"Action",
                                "name":"跳出循环",
                                "Function":"跳出循环体",
                                "params":"-----> 退出 <-----"
                            }
                        ]
                    }
                ]

            }
        ]
    },
    "喂奇迹宠物":{
        "type":"Sequence",
        "name":"喂奇迹宠物",
        "children":[
            {
                "type":"Condition",
                "name":"定时器5s",
                "Function":"定时器",
                "params":["喂奇迹宠物",28800]
            },
            {
            
                "type":"Condition",
                "name":"在空闲状态",
                "Function":"是指定任务状态",
                "params":"喂奇迹宠物"
            },
            {
                "type":"Action",
                "name":"执行自动精灵脚本",
                "Function":"执行自动精灵脚本动作",
                "params":"/sdcard/自动精灵/喂奇迹宠物.zjs"
            }
        ]
    },
    "寻找商人位置":{
        "type":"SelectorByVariable",
        "name":"找商人流程",
        "defaultIndex":1,
        "key":"幻月商人位置",
        "children":[
            {
                "type":"Sequence",
                "name":"第一个位置",
                "children":[
                    {
                        "type": "Action",
                        "name": "位置1",
                        "Function":"滑动",
                        "params": "$找商人位置1"
                    },
                    {
                        "type": "Action",
                        "name": "滑动屏幕",
                        "Function":"滑动",
                        "params": "$旋转视角"
                    },
                    {
                        "点击对话框@奇迹.点击对话框":{}
                    },
                    {
                        "type":"Repeater",
                        "name":"4秒轮询分析商人",
                        "maxCount":8,
                        "children":[
                            {
                                "type":"Selector",
                                "name":"分析npc",
                                "children":[
                                    {
                                        "type":"Sequence",
                                        "name":"是幻月商人",
                                        "children":[
                                            {
                                                "type":"Condition",
                                                "name":"是幻月商人",
                                                "Function":"模板匹配找图",
                                                "params":"$点击幻月积分"
                                            },
                                            {
                                                "type":"Action",
                                                "name":"设置位置",
                                                "Function":"setval",
                                                "params":["blackboard.data.幻月商人位置",1]
                                            },
                                            {
                                                "type":"Action",
                                                "name":"弹出消息",
                                                "Function":"log",
                                                "params":"是幻月商人"
                                            }
                                        ]
                                    },
                                    {
                                        "type":"Sequence",
                                        "name":"是缤纷任务商人",
                                        "children":[
                                            {
                                                "type":"Condition",
                                                "name":"是缤纷商人位置",
                                                "Function":"模板匹配找图",
                                                "params":"$奖励说明"
                                            },
                                            {
                                                "type":"Action",
                                                "name":"设置位置",
                                                "Function":"setval",
                                                "params":["blackboard.data.缤纷任务位置",1]
                                            },
                                            {
                                                "type":"Action",
                                                "name":"弹出消息",
                                                "Function":"log",
                                                "params":"是缤纷商人"
                                            }
                                        ]
                                    },
                                    {
                                        "type":"Inverter",
                                        "name":"延时5ms",
                                        "children":[
                                            {
                                                "type":"Action",
                                                "Function":"延时",
                                                "params":500
                                            }
                                        ]
                                    }
                                ]
                            }
                        ]
                    },
                    "$判断商人类型"
                ]
            },
            {
                "type":"Sequence",
                "name":"第二个位置",
                "children":[
                    {
                        "type": "Action",
                        "name": "位置2",
                        "Function":"滑动",
                        "params": "$找商人位置2"
                    },
                    {
                        "type": "Action",
                        "name": "滑动屏幕",
                        "Function":"滑动",
                        "params": "$旋转视角2"
                    },
                    {
                        "点击对话框@奇迹.点击对话框":{}
                    },
                    {
                       "type":"Repeater",
                        "name":"4秒轮询分析商人",
                        "maxCount":8,
                        "children":[
                            {
                                "type":"Selector",
                                "name":"分析npc",
                                "children":[
                                    {
                                        "type":"Sequence",
                                        "name":"是幻月商人",
                                        "children":[
                                            {
                                                "type":"Condition",
                                                "name":"是幻月商人",
                                                "Function":"模板匹配找图",
                                                "params":"$点击幻月积分"
                                            },
                                            {
                                                "type":"Action",
                                                "name":"设置位置",
                                                "Function":"setval",
                                                "params":["blackboard.data.幻月商人位置",2]
                                            },
                                            {
                                                "type":"Action",
                                                "name":"弹出消息",
                                                "Function":"log",
                                                "params":"是幻月商人"
                                            }
                                        ]
                                    },
                                    {
                                        "type":"Sequence",
                                        "name":"是缤纷任务商人",
                                        "children":[
                                            {
                                                "type":"Condition",
                                                "name":"是缤纷商人位置",
                                                "Function":"模板匹配找图",
                                                "params":"$奖励说明"
                                            },
                                            {
                                                "type":"Action",
                                                "name":"设置位置",
                                                "Function":"setval",
                                                "params":["blackboard.data.缤纷任务位置",2]
                                            },
                                            {
                                                "type":"Action",
                                                "name":"弹出消息",
                                                "Function":"log",
                                                "params":"是缤纷商人"
                                            }
                                        ]
                                    },
                                    {
                                        "type":"Inverter",
                                        "name":"延时5ms",
                                        "children":[
                                            {
                                                "type":"Action",
                                                "Function":"延时",
                                                "params":500
                                            }
                                        ]
                                    }
                                ]
                            }
                        ]
                    },
                    "$判断商人类型"
                ]
            },
            {
                "type":"Sequence",
                "name":"第三个位置",
                "children":[
                    {
                        "type": "Action",
                        "name": "位置3",
                        "Function":"滑动",
                        "params": "$找商人位置3"
                    },
                    {
                        "点击对话框@奇迹.点击对话框":{}
                    },
                    {
                       "type":"Repeater",
                        "name":"4秒轮询分析商人",
                        "maxCount":8,
                        "children":[
                            {
                                "type":"Selector",
                                "name":"分析npc",
                                "children":[
                                    {
                                        "type":"Sequence",
                                        "name":"是幻月商人",
                                        "children":[
                                            {
                                                "type":"Condition",
                                                "name":"是幻月商人",
                                                "Function":"模板匹配找图",
                                                "params":"$点击幻月积分"
                                            },
                                            {
                                                "type":"Action",
                                                "name":"设置位置",
                                                "Function":"setval",
                                                "params":["blackboard.data.幻月商人位置",3]
                                            },
                                            {
                                                "type":"Action",
                                                "name":"弹出消息",
                                                "Function":"log",
                                                "params":"是幻月商人"
                                            }
                                        ]
                                    },
                                    {
                                        "type":"Sequence",
                                        "name":"是缤纷任务商人",
                                        "children":[
                                            {
                                                "type":"Condition",
                                                "name":"是缤纷商人位置",
                                                "Function":"模板匹配找图",
                                                "params":"$奖励说明"
                                            },
                                            {
                                                "type":"Action",
                                                "name":"设置位置",
                                                "Function":"setval",
                                                "params":["blackboard.data.缤纷任务位置",3]
                                            },
                                            {
                                                "type":"Action",
                                                "name":"弹出消息",
                                                "Function":"log",
                                                "params":"是缤纷商人"
                                            }
                                        ]
                                    },
                                    {
                                        "type":"Inverter",
                                        "name":"延时5ms",
                                        "children":[
                                            {
                                                "type":"Action",
                                                "Function":"延时",
                                                "params":500
                                            }
                                        ]
                                    }
                                ]
                            }
                        ]
                    },
                    "$判断商人类型"
                ]
            },
            {
                "type":"Sequence",
                "name":"第四个位置",
                "children":[
                    {
                        "type": "Action",
                        "name": "位置4",
                        "Function":"滑动",
                        "params": "$找商人位置4"
                    },
                    {
                        "点击对话框@奇迹.点击对话框":{}
                    },
                    {
                       "type":"Repeater",
                        "name":"4秒轮询分析商人",
                        "maxCount":8,
                        "children":[
                            {
                                "type":"Selector",
                                "name":"分析npc",
                                "children":[
                                    {
                                        "type":"Sequence",
                                        "name":"是幻月商人",
                                        "children":[
                                            {
                                                "type":"Condition",
                                                "name":"是幻月商人",
                                                "Function":"模板匹配找图",
                                                "params":"$点击幻月积分"
                                            },
                                            {
                                                "type":"Action",
                                                "name":"设置位置",
                                                "Function":"setval",
                                                "params":["blackboard.data.幻月商人位置",4]
                                            },
                                            {
                                                "type":"Action",
                                                "name":"弹出消息",
                                                "Function":"log",
                                                "params":"是幻月商人"
                                            }
                                        ]
                                    },
                                    {
                                        "type":"Sequence",
                                        "name":"是缤纷任务商人",
                                        "children":[
                                            {
                                                "type":"Condition",
                                                "name":"是缤纷商人位置",
                                                "Function":"模板匹配找图",
                                                "params":"$奖励说明"
                                            },
                                            {
                                                "type":"Action",
                                                "name":"设置位置",
                                                "Function":"setval",
                                                "params":["blackboard.data.缤纷任务位置",4]
                                            },
                                            {
                                                "type":"Action",
                                                "name":"弹出消息",
                                                "Function":"log",
                                                "params":"是缤纷商人"
                                            }
                                        ]
                                    },
                                    {
                                        "type":"Inverter",
                                        "name":"延时5ms",
                                        "children":[
                                            {
                                                "type":"Action",
                                                "Function":"延时",
                                                "params":500
                                            }
                                        ]
                                    }
                                ]
                            }
                        ]
                    },
                    "$判断商人类型"
                ]
            }
            
        ]
    },
    "轮询对话":{
        "type":"Selector",
        "name":"点击对话策略",
        "children":[
            {
                "type":"Repeater",
                "maxCount":11,
                "name":"轮询对话5秒",
                "children":[
                    {
                        "type":"Sequence",
                        "name":"点击对话流程",
                        "children":[
                            {
                                "type":"Action",
                                "name":"延时500ms",
                                "Function":"延时",
                                "params":500
                            },
                            {
                                "type":"Condition",
                                "name":"点击对话",
                                "Function":"点击图片",
                                "params": "$点击对话"
                            }
                        ]
                    }
                ]
            },
            {
                "点击对话@通用.点击奇迹无人机":{"name":"点击对话位置"}
            }
        ]
    },
    "分析奇迹农场所处位置":{
        "type":"Selector",
        "name":"分析流程",
        "children":[
            {
                "type": "Condition",
                "name": "是空位置",
                "Function":"比较变量",
                "params": ["blackboard.data.奇迹农场位置",">=",1]
            },
            {
                "type":"Selector",
                "name":"分析奇迹农场所处位置",
                "children":[
                    {
                        "type":"Sequence",
                        "name":"向右滑动流程",
                        "children":[
                            {
                                "点击复位@通用.点击复位":{}
                            },
                            {
                                "type":"Action",
                                "name":"点击关闭侧边公告",
                                "Function":"点击",
                                "params":[309,114,500]
                            },
                            {
                                "type":"Action",
                                "name":"向右滑动",
                                "Function":"滑动",
                                "params":[641,361,510,341,1000,500]
                            },
                            {
                                "type":"Condition",
                                "name":"开始识别",
                                "Function":"分析奇迹农场所处位置",
                                "params":"种子店-0.5|宠物店-0.5|工具店-0.5|制作台-0.3"
                            }
                        ]
                    },
                    {
                        "type":"Sequence",
                        "name":"向左滑动流程",
                        "children":[
                            {
                                "点击复位@通用.点击复位":{}
                            },
                            {
                                "type":"Action",
                                "name":"向右滑动",
                                "Function":"滑动",
                                "params":[641,361,770,330,1000,1000]
                            },
                            {
                                "type":"Condition",
                                "name":"开始识别",
                                "Function":"分析奇迹农场所处位置",
                                "params":"种子店-0.5|宠物店-0.5|工具店-0.5|制作台-0.3"
                            }
                        ]
                    }
                ]
            }
        ]
    },
    "收获流程无月卡小旋风":{
        "type":"Sequence",
        "name":"收获无月卡小旋风",
        "skip_resolve":"奇迹月卡",
        "children":[
            {
                "type":"Inverter",
                "name":"无月卡动作",
                "children":[
                    {
                        "type":"Condition",
                        "name":"获取月卡状态",
                        "Function":"获取月卡状态",
                        "params":"奇迹月卡"
                    }
                ]
            },
            {
                "type":"Condition",
                "name":"时间到了",
                "Function":"时间到了",
                "params":"收获流程无月卡小旋风"
            },
            {
                "向小旋风滑动@通用.向小旋风滑动":{}
            },
            {
                "奇迹采集设置@奇迹.奇迹采集设置":{"params":{"id":2}}
            },
            {
                "点击奇迹无人机@通用.点击奇迹无人机":{}
            },
            {
                "type":"Action",
                "name":"等待1.5秒",
                "Function":"延时",
                "params":1500
            },
            {
                "type":"Condition",
                "name":"获取最近时间戳",
                "Function":"获取最近时间戳",
                "params":{
                    "键":"收获流程无月卡小旋风"
                }
            },
            {
                "type":"Selector",
                "name":"是否有提示界面",
                "children":[
                    {
                        "type":"Sequence",
                        "name":"关闭提示界面流程",
                        "children":[
                            {
                                "有提示界面@通用.有提示界面":{}
                            },
                            {
                                "type":"Action",
                                "name":"勾选今日不再提醒",
                                "Function":"点击颜色",
                                "params":"$勾选今日不再提醒"
                            },
                            {
                                "type":"Action",
                                "name":"延时0.3秒",
                                "Function":"延时",
                                "params":300
                            },
                            {
                                "点击确定@通用.点击确定":{}
                            }

                        ]
                    },
                    {
                        "type":"Action",
                        "name":"打印信息",
                        "Function":"log",
                        "params":"收获完成"
                    }
                ]
            }
            
        ]
    },
    "收获果实无月卡版-务农机版本":{
        "type":"Sequence",
        "name":"收获果实无月卡流程",
        "skip_resolve":"务农机收获",
        "children":[
            {
                "type":"Inverter",
                "name":"没有月卡执行",
                "children":[
                    {
                       "type":"Condition",
                        "name":"获取月卡状态",
                        "Function":"获取月卡状态",
                        "params":"奇迹月卡" 
                    }
                ]
            },
            {
                "type":"Action",
                "name":"设置位置",
                "Function":"setval",
                "params":["blackboard.data.在采集状态中",false]
            },
            {
                "type":"Selector",
                "name":"分析是否采集",
                "children":[
                    {
                        "在采集状态下@奇迹.在采集状态下务农机版本":{}
                    },
                    {
                        "启动采集流程@奇迹.务农机状态启动采集":{}
                    },
                    {
                        "进入务农机状态@奇迹.进入务农机状态":{}
                    }
                ]
            },
            {
                "点击后退@通用.点击后退":{}
            }
        ]
    },
    "在采集状态下务农机版本":{
        "type":"Sequence",
        "name":"在收获流程",
        "children":[
            {
                "type":"Condition",
                "name":"是在采集中",
                "Function":"模板匹配找图",
                "params":"$是在采集中"
            },
            {
                "type":"Action",
                "name":"设置位置",
                "Function":"setval",
                "params":["blackboard.data.在采集状态中",true]
            },
            {
                "位图是否有变化@奇迹.位图是否有变化":{}
            },
            {
                "type":"Action",
                "name":"打印信息",
                "Function":"log",
                "params":"当前移动步数：+%blackboard.data.奇迹移动步数"
            },
            {
                "type":"Action",
                "name":"权重累加",
                "Function":"权重",
                "params":{"类型":"置权重","key":"启动采集失败次数"}
            },
            {
                "type":"SelectorByVariable",
                "name":"执行收获流程",
                "defaultIndex":1,
                "key":"收获奇迹果实位置变更",
                "children":[
                    {
                        "type":"Sequence",
                        "name":"收获左边果实流程",
                        "children":[
                            {
                                "分析移动步数@奇迹.务农及收获右边":{}
                            },
                            {
                                "type":"Condition",
                                "name":"权重累加",
                                "Function":"权重",
                                "params":{"key":"奇迹移动步数","最大值":12,"最小值":1}
                            }
                        ]

                    },
                    {
                        "type":"Sequence",
                        "name":"收获左边果实流程",
                        "children":[
                            {
                                "分析移动步数@奇迹.务农机收获左边":{}
                            },
                            {
                                "type":"Condition",
                                "name":"权重累加",
                                "Function":"权重",
                                "params":{"key":"奇迹移动步数","最大值":15,"最小值":1}
                            }
                        ]

                    }
                ]
            },
            {
                "type":"Condition",
                "name":"权重累加",
                "Function":"权重",
                "params":{"key":"收获奇迹果实位置变更","最大值":3,"最小值":1}
            }
        ]
    },
    "务农机状态启动采集":{
        "type":"Sequence",
        "name":"在务农状态不在采集中流程",
        "children":[
            {
                "type":"Condition",
                "name":"不在务农机状态中",
                "Function":"比较变量",
                "params":["blackboard.data.在采集状态中","~=",true]
            },
            {
                "在务农机状态中@奇迹.在务农机状态中":{}
            },
            {
                "点击复位@通用.点击复位":{}
            },
            {
                "type":"Action",
                "name":"向前移动一段",
                "Function":"滑动",
                "params":[250,525,250,290,700]
            },
            {
                "type":"Action",
                "name":"监视对话按钮",
                "Function":"启动线程",
                "params":{
                    "执行函数":"顺序函数",
                    "运行时长":8,
                    "参":"$监视收获按钮"
                }
            },
            {
                "type":"Action",
                "name":"等待1s",
                "Function":"延时",
                "params":1000
            },
            {
                "type":"SelectorByVariable",
                "name":"执行收获流程",
                "defaultIndex":1,
                "key":"启动采集失败次数",
                "children":[
                    {
                        "type":"Action",
                        "name":"滑动屏幕",
                        "Function":"滑动",
                        "params":[800,287,600,250,5000]
                    },
                    {
                        "type":"Action",
                        "name":"滑动屏幕",
                        "Function":"滑动",
                        "params":[800,288,650,200,7000]
                    },
                    {
                        "type":"Action",
                        "name":"滑动屏幕",
                        "Function":"滑动",
                        "params":[800,287,960,210,7000]
                    },
                    {
                        "type":"Sequence",
                        "name":"第四次",
                        "children":[
                            {
                                "type":"Action",
                                "name":"滑动屏幕",
                                "Function":"滑动",
                                "params":[1336,272,1336,79,2500]
                            },
                            {
                                "type":"Action",
                                "name":"滑动屏幕",
                                "Function":"滑动",
                                "params":[250,525,100,290,1500,1000]
                            },
                            {
                                "type":"Action",
                                "name":"滑动屏幕",
                                "Function":"滑动",
                                "params":[800,287,800,370,5000,1000]
                            }
                        ]
                    }
                ]
            },
            {
                "type":"Action",
                "name":"等待2s",
                "Function":"延时",
                "params":2000
            },
            {
                "type":"Condition",
                "name":"权重累加",
                "Function":"权重",
                "params":{"key":"启动采集失败次数","最大值":4,"最小值":1}
            }
        ]
    },
    "进入务农机状态":{
        "type":"Sequence",
        "name":"进入务农状态",
        "children":[
            {
                "type":"Condition",
                "name":"不在采集中",
                "Function":"比较变量",
                "params":["blackboard.data.在采集状态中","~=",true]
            },
            {
                "type":"Inverter",
                "name":"不在务农机状态中",
                "children":[
                    {
                        "在务农机状态中@奇迹.在务农机状态中":{}
                    }
                ]
            },
            {
                "type":"Action",
                "name":"打印消息",
                "Function":"log",
                "params": "正在进入务农机状态"
            },
            {
                "点击复位@通用.点击复位":{}
            },
            {
                "type":"Action",
                "name":"进入务农状态",
                "Function":"点击",
                "params": [1103,391,3000]
            },
            {
                "type":"Action",
                "name":"权重累加",
                "Function":"权重",
                "params":{"类型":"置权重","key":"收获奇迹果实位置变更"}
            },
            {
                "type":"Action",
                "name":"权重累加",
                "Function":"权重",
                "params":{"类型":"置权重","key":"奇迹移动步数"}
            },
            {
                "type":"Inverter",
                "name":"取反",
                "children":[
                    {
                        "type":"Action",
                        "name":"等待",
                        "Function":"延时",
                        "params": 2000
                    }
                ]
            }
            
            
        ]
    },
    "务农机收获左边":{
        "type":"Selector",
        "name":"移动步数分析",
        "children":[
            {
                "type":"Sequence",
                "name":"在收获流程",
                "children":[
                    {
                        "type":"Condition",
                        "name":"移动步数判断",
                        "Function":"比较变量",
                        "params":["blackboard.data.奇迹移动步数","==",1]
                    },
                    {
                        "点击复位@通用.点击复位":{}
                    },
                    {
                        "type":"Action",
                        "name":"向左滑动",
                        "Function":"滑动",
                        "params":[250,525,50,525,1500,1000]
                    },
                    {
                        "type":"Action",
                        "name":"向上滑动",
                        "Function":"滑动",
                        "params":[1050,192,1050,4,3500,1000]
                    },
                    {
                        "type":"Action",
                        "name":"低头滑动",
                        "Function":"滑动",
                        "params":[800,290,800,360,3000,1000]
                    }
                ]
            },
            {
                "type":"Sequence",
                "name":"在收获流程",
                "children":[
                    {
                        "type":"Condition",
                        "name":"移动步数判断",
                        "Function":"比较变量",
                        "params":["blackboard.data.奇迹移动步数","==",9]
                    },
                    {
                        "type":"Action",
                        "name":"抬头滑动",
                        "Function":"滑动",
                        "params":[800,290,800,180,2000]
                    }
                ]
            },
            {
                "type":"Sequence",
                "name":"在收获流程",
                "children":[
                    {
                        "type":"Condition",
                        "name":"移动步数判断",
                        "Function":"比较变量",
                        "params":["blackboard.data.奇迹移动步数","==",10]
                    },
                    {
                        "type":"Action",
                        "name":"抬头滑动",
                        "Function":"滑动",
                        "params":[800,290,800,200,2000]
                    }
                ]
            },
            {
                "type":"Sequence",
                "name":"在收获流程",
                "children":[
                    {
                        "type":"Condition",
                        "name":"移动步数判断",
                        "Function":"比较变量",
                        "params":["blackboard.data.奇迹移动步数","==",12]
                    },
                    {
                        "type":"Action",
                        "name":"低头滑动",
                        "Function":"滑动",
                        "params":[800,290,800,500,3000]
                    }
                ]
            },
            {
                "type":"Action",
                "name":"向前滑动",
                "Function":"滑动",
                "params":"$向前滑动"
            }
            
        ]
    },
    "务农及收获右边":{
        "type":"Selector",
        "name":"移动步数分析",
        "children":[
            {
                "type":"Sequence",
                "name":"归位右边流程",
                "children":[
                    {
                        "type":"Condition",
                        "name":"移动步数判断",
                        "Function":"比较变量",
                        "params":["blackboard.data.奇迹移动步数","==",1]
                    },
                    {
                        "点击复位@通用.点击复位":{}
                    },
                    {
                        "type":"Action",
                        "name":"向右滑动",
                        "Function":"滑动",
                        "params":[250,525,490,525,1500,1000]
                    },
                    {
                        "type":"Action",
                        "name":"向上滑动",
                        "Function":"滑动",
                        "params":[1050,192,1050,4,3500,1000]
                    },
                    {
                        "type":"Action",
                        "name":"低头滑动",
                        "Function":"滑动",
                        "params":[800,290,800,360,3000,1000]
                    }
                ]
            },
            {
                "type":"Action",
                "name":"向前滑动",
                "Function":"滑动",
                "params":"$向前滑动"
            }
            
        ]
    },
    "位图是否有变化":{
        "type":"Condition",
        "name":"位图是否有变化",
        "Function":"位图是否有变化",
        "params":{
            "识别区域":[758,173,873,239],
            "二值化最小值":150,
            "二值化最大值":190,
            "相似度":0.8,
            "间隔":2000
        }
    },
    "在务农机状态中Ex":{
        "type":"Condition",
        "name":"在奇迹世界里",
        "Function":"区域多点找色",
        "params":[1186,640,1251,699,"d8d0cc-202020","-19|-7|f7f5f3-202020|3|-20|ffffff-202020|-17|-2|ffffff-202020|-15|-3|ffffff-202020|-7|2|fefefe-202020|9|-5|f6f2ef-202020|3|-17|ffffff-202020|7|-21|ffffff-202020|0|1|fdfcfb-202020|-11|-6|ffffff-202020",1,0.9]
    },
    "在务农机状态中":{
        "type":"Condition",
        "name":"在务农机状态中",
        "Function":"模板匹配找图",
        "params":[1191,642,1244,695,"sdcard/元梦挂机脚本目录/图片/奇迹农场/务农机状态.png",0.7]
    },
    "namespace":"奇迹"
}