{

    "动作@农场.动作":{
        "$模式":"动物",
        "$停机模式检测器":"全部|动物",
        "$可收获匹配":"待产中|可收获",
        "$不可收获匹配":"后可助产",
        "$设置可收获":["blackboard.data.动物",0],
        "$无月卡收获流程":"无月卡收获流程@动物.无月卡收获流程"
    },
    "进入发射状态":{
        "type":"Sequence",
        "name":"进入发射流程",
        "children":[
            {
                "type":"Condition",
                "name":"可收获",
                "Function":"判断是否已点击机器",
                "params":"$模式"
            },
            {
                "是在主界面@通用.是在主界面":{}
            },
            {
                "type":"Inverter",
                "name":"检查不在田地流程",
                "children":[
                    {
                        "type":"Sequence",
                        "name":"检查流程",
                        "children":[
                            {
                                "有计时界面@通用.有计时界面":{"name":"检查是否在田地"} 
                            },
                            {
                                "在务农小车上@农场.在务农小车上":{}
                            }
                        ]
                    }
                ]
            },
            {
                "type":"Selector",
                "name":"分析是否结束",
                "children":[
                    {
                        "type":"Sequence",
                        "name":"检查收获是否完成",
                        "children":[
                            {
                                "type":"Condition",
                                "name":"检查移动步数",
                                "Function":"比较变量",
                                "params":["blackboard.data.移动步数",">=",13]
                            },
                            {
                                "type":"Condition",
                                "name":"收获行数累加",
                                "Function":"权重",
                                "params":{"key":"收获行数","最大值":4,"最小值":1}
                            },
                            {
                                "type":"Action",
                                "name":"重置权重",
                                "Function":"权重",
                                "params": {"类型":"置权重","key":"移动步数","value":1}
                            },
                            {
                                "type":"Condition",
                                "name":"置收获间隔",
                                "Function":"置收获间隔",
                                "params": "$模式"
                            }
                        ]
                    },
                    {
                        "type":"Condition",
                        "name":"可收获",
                        "Function":"判断是否已点击机器",
                        "params":"$模式"
                    }
                ]
            },
            {
                "向发射器移动@通用.向发射器移动":{}
            },
            {
                "点击务农小车@通用.点击务农小车":{}
            },
            {
                "type":"Action",
                "name":"等待1.2秒",
                "Function":"延时",
                "params": 2000
            },
            {
                "type":"Action",
                "name":"重置权重",
                "Function":"权重",
                "params": {"类型":"置权重","key":"移动步数","value":1}
            }
            
        ]
    },
    "无月卡收获流程":{
        "type":"Sequence",
        "name":"无月卡收获流程",
        "children":[
            {
                "type":"Inverter",
                "name":"没有月卡执行",
                "children":[
                    {
                        "type":"Condition",
                        "name":"获取月卡状态",
                        "Function":"获取月卡状态",
                        "params":"农场月卡"
                    }
                ]
            },
            {
                "type":"Selector",
                "name":"选择收获行",
                "children":[
                    {
                        "退出屋内流程@农场.退出屋内流程":{}
                    },
                    {
                        "执行收获流程@动物.执行收获流程":{}
                    },
                    {
                        "进入发射状态@动物.进入发射状态":{}
                    }
                ]
            }
        ]
    },
    "执行收获流程":{
        "type":"SelectorByVariable",
        "name":"选择收获哪行",
        "defaultIndex":1,
        "key":"收获行数",
        "children":[
            {
                "收获第一排@动物.收获第一排":{}
            },
            {
                "收获第二排@动物.收获第二排":{}
            },
            {
                "收获第三排@动物.收获第三排":{}
            }
            
        ]
    },
    "收获第一排":{
        "type":"Selector",
        "name":"收获第一排",
        "children":[
            {
                "type":"Sequence",
                "name":"在发射状态流程",
                "children":[
                    {
                        "是在发射状态@通用.是在发射状态":{}
                    },
                    {
                        "type":"Action",
                        "name":"滑动发射器",
                        "Function":"滑动",
                        "params":[799,359,900,495,1000]
                    },
                    {
                        "点击通用按钮@通用.点击通用按钮":{"name":"点击发射"}
                    },
                    {
                        "type":"Action",
                        "name":"等待1.5秒",
                        "Function":"延时",
                        "params":1500
                    },
                    {
                        "轮询是否落地@农场.轮询是否落地":{}
                    }
                ]   
            },
            {
                "type":"Sequence",
                "name":"在田地流程",
                "children":[
                    {
                        "type":"Action",
                        "name":"打印消息",
                        "Function":"log",
                        "params":"开始收获第一排"
                    },
                    {
                        "是在主界面@通用.是在主界面":{}
                    },
                    {
                        "有计时界面@通用.有计时界面":{"name":"检查是否在田地"} 
                    },
                    {
                        "在务农小车上@农场.在务农小车上":{}
                    },
                    {
                        "type":"Action",
                        "name":"打印消息",
                        "Function":"log",
                        "params":"当前移动步数：+%blackboard.data.移动步数"
                    },
                    {
                        "type":"Selector",
                        "name":"按移动步数调整摄像机",
                        "children":[
                            {
                                "type":"Sequence",
                                "name":"移动步数为1时调整摄像机",
                                "children":[
                                    {
                                        "type":"Condition",
                                        "name":"判断在那步",
                                        "Function":"比较变量",
                                        "params":["blackboard.data.移动步数","==",1]
                                    },
                                    {
                                        "type":"Action",
                                        "name":"调整摄像机",
                                        "Function":"滑动",
                                        "params":[799,359,850,359,400]
                                    }
                                ]
                            },
                            {
                                "type":"Sequence",
                                "name":"移动步数为1时调整摄像机",
                                "children":[
                                    {
                                        "type":"Condition",
                                        "name":"判断在那步",
                                        "Function":"比较变量",
                                        "params":["blackboard.data.移动步数","==",2]
                                    },
                                    {
                                        "type":"Action",
                                        "name":"调整摄像机",
                                        "Function":"滑动",
                                        "params":[799,359,820,359,400]
                                    }
                                ]
                            },
                            {
                                "type":"Condition",
                                "name":"移动过返回",
                                "Function":"比较变量",
                                "params":["blackboard.data.移动步数",">=",2]
                            }
                        ]
                    },
                    {
                        "type":"Action",
                        "name":"向前移动",
                        "Function":"滑动",
                        "params":[252,525,251,373,600]
                    },
                    {
                        "type":"Action",
                        "name":"权重累加",
                        "Function":"权重",
                        "params":{"key":"移动步数","最大值":20}
                    }
                ]
            }
        ]
    },
    "收获第二排":{
        "type":"Selector",
        "name":"收获第二排",
        "children":[
            {
                "type":"Sequence",
                "name":"在发射状态流程",
                "children":[
                    {
                        "是在发射状态@通用.是在发射状态":{}
                    },
                    {
                        "type":"Action",
                        "name":"滑动发射器",
                        "Function":"滑动",
                        "params":[799,359,1030,490,1000]
                    },
                    {
                        "点击通用按钮@通用.点击通用按钮":{"name":"点击发射"}
                    },
                    {
                        "type":"Action",
                        "name":"等待1.5秒",
                        "Function":"延时",
                        "params":1500
                    },
                    {
                        "轮询是否落地@农场.轮询是否落地":{}
                    }
                ]   
            },
            {
                "type":"Sequence",
                "name":"在田地流程",
                "children":[
                    {
                        "type":"Action",
                        "name":"打印消息",
                        "Function":"log",
                        "params":"开始收获第一排"
                    },
                    {
                        "是在主界面@通用.是在主界面":{}
                    },
                    {
                        "有计时界面@通用.有计时界面":{"name":"检查是否在田地"} 
                    },
                    {
                        "在务农小车上@农场.在务农小车上":{}
                    },
                    {
                        "type":"Action",
                        "name":"打印消息",
                        "Function":"log",
                        "params":"当前移动步数：+%blackboard.data.移动步数"
                    },
                    {
                        "type":"Selector",
                        "name":"按移动步数调整摄像机",
                        "children":[
                            {
                                "type":"Sequence",
                                "name":"移动步数为1时调整摄像机",
                                "children":[
                                    {
                                        "type":"Condition",
                                        "name":"判断在那步",
                                        "Function":"比较变量",
                                        "params":["blackboard.data.移动步数","==",1]
                                    },
                                    {
                                        "type":"Action",
                                        "name":"调整摄像机",
                                        "Function":"滑动",
                                        "params":[799,359,710,359,400]
                                    }
                                ]
                            },
                            {
                                "type":"Condition",
                                "name":"移动过返回",
                                "Function":"比较变量",
                                "params":["blackboard.data.移动步数",">=",2]
                            }
                        ]
                    },
                    {
                        "type":"Action",
                        "name":"向前移动",
                        "Function":"滑动",
                        "params":[252,525,251,373,600]
                    },
                    {
                        "type":"Action",
                        "name":"权重累加",
                        "Function":"权重",
                        "params":{"key":"移动步数","最大值":20}
                    }
                ]
            }
        ]
    },
    "收获第三排":{
        "type":"Selector",
        "name":"收获第三排",
        "children":[
            {
                "type":"Sequence",
                "name":"在发射状态流程",
                "children":[
                    {
                        "是在发射状态@通用.是在发射状态":{}
                    },
                    {
                        "type":"Action",
                        "name":"滑动发射器",
                        "Function":"滑动",
                        "params":[799,359,1130,460,1200]
                    },
                    {
                        "点击通用按钮@通用.点击通用按钮":{"name":"点击发射"}
                    },
                    {
                        "type":"Action",
                        "name":"等待1.5秒",
                        "Function":"延时",
                        "params":1500
                    },
                    {
                        "轮询是否落地@农场.轮询是否落地":{}
                    }
                ]   
            },
            {
                "type":"Sequence",
                "name":"在田地流程",
                "children":[
                    {
                        "type":"Action",
                        "name":"打印消息",
                        "Function":"log",
                        "params":"开始收获第一排"
                    },
                    {
                        "是在主界面@通用.是在主界面":{}
                    },
                    {
                        "有计时界面@通用.有计时界面":{"name":"检查是否在田地"} 
                    },
                    {
                        "在务农小车上@农场.在务农小车上":{}
                    },
                    {
                        "type":"Action",
                        "name":"打印消息",
                        "Function":"log",
                        "params":"当前移动步数：+%blackboard.data.移动步数"
                    },
                    {
                        "type":"Selector",
                        "name":"按移动步数调整摄像机",
                        "children":[
                            {
                                "type":"Sequence",
                                "name":"移动步数为1时调整摄像机",
                                "children":[
                                    {
                                        "type":"Condition",
                                        "name":"判断在那步",
                                        "Function":"比较变量",
                                        "params":["blackboard.data.移动步数","==",1]
                                    },
                                    {
                                        "type":"Action",
                                        "name":"调整摄像机",
                                        "Function":"滑动",
                                        "params":[799,359,700,359,500]
                                    }
                                ]
                            },
                            {
                                "type":"Sequence",
                                "name":"移动步数为2时调整摄像机",
                                "children":[
                                    {
                                        "type":"Condition",
                                        "name":"判断在那步",
                                        "Function":"比较变量",
                                        "params":["blackboard.data.移动步数","==",2]
                                    },
                                    {
                                        "type":"Action",
                                        "name":"调整摄像机",
                                        "Function":"滑动",
                                        "params":[799,359,750,359,500]
                                    }
                                ]
                            },
                            {
                                "type":"Sequence",
                                "name":"移动步数为3时调整摄像机",
                                "children":[
                                    {
                                        "type":"Condition",
                                        "name":"判断在那步",
                                        "Function":"比较变量",
                                        "params":["blackboard.data.移动步数","==",3]
                                    },
                                    {
                                        "type":"Action",
                                        "name":"调整摄像机",
                                        "Function":"滑动",
                                        "params":[799,359,850,359,500]
                                    }
                                ]
                            },
                            {
                                "type":"Sequence",
                                "name":"移动步数为4时调整摄像机",
                                "children":[
                                    {
                                        "type":"Condition",
                                        "name":"判断在那步",
                                        "Function":"比较变量",
                                        "params":["blackboard.data.移动步数","==",6]
                                    },
                                    {
                                        "type":"Action",
                                        "name":"调整摄像机",
                                        "Function":"滑动",
                                        "params":[799,359,850,359,500]
                                    }
                                ]
                            },
                            {
                                "type":"Condition",
                                "name":"移动过返回",
                                "Function":"比较变量",
                                "params":["blackboard.data.移动步数",">=",2]
                            }
                        ]
                    },
                    {
                        "type":"Action",
                        "name":"向前移动",
                        "Function":"滑动",
                        "params":[252,525,251,373,600]
                    },
                    {
                        "type":"Action",
                        "name":"权重累加",
                        "Function":"权重",
                        "params":{"key":"移动步数","最大值":20}
                    }
                ]
            }
        ]
    },
    "namespace":"动物"
}