{
    "动作":{

        "type":"Selector",
        "name":"异常处理",
        "children":[
            {
                "type":"Inverter",
                "name":"取反节点",
                "children":[
                    {
                        "type":"Condition",
                        "name":"定时器5s",
                        "Function":"定时器",
                        "params":["异常定时器",3]
                    }
                ]
            },
            {
                "type":"Nand",
                "name":"异常状态处理",
                "children":[
                    {
                        "点击空白区域@通用.点击空白区域":{}     
                    },
                    {
                        "type":"Condition",
                        "name":"点击关闭公告",
                        "Function":"点击图片",
                        "params":[1013,61,1137,169,"sdcard/元梦挂机脚本目录/图片/异常/黄色错号.png",0.88,[20,20]]
                    },
                    {
                        "type":"Condition",
                        "name":"点击关闭其他界面",
                        "Function":"点击图片",
                        "params":[1030,13,1205,171,"sdcard/元梦挂机脚本目录/图片/异常/关闭其他界面.png|sdcard/元梦挂机脚本目录/图片/异常/关闭采集设置界面.png",0.88,[19,19]]    
                    },
                    {
                        "type":"Sequence",
                        "name":"提示界面处理流程",
                        "children":[
                            {
                                "有提示界面@通用.有提示界面":{}
                            },
                            {
                                "type":"Selector",
                                "name":"分析提示界面",
                                "children":[
                                    {
                                        "type":"Condition",
                                        "name":"网络波动处理",
                                        "Function":"点击图片",
                                        "params":[391,413,892,501,"sdcard/元梦挂机脚本目录/图片/异常/拒绝.png|sdcard/元梦挂机脚本目录/图片/异常/继续尝试.png|sdcard/元梦挂机脚本目录/图片/异常/返回登陆.png",0.9,[10,10]]
                                    },
                                    {
                                        "type":"Sequence",
                                        "name":"重新进入场景",
                                        "children":[
                                            {
                                                "type":"Condition",
                                                "name":"文本识别",
                                                "Function":"识别屏幕_本地神经网络识别",
                                                "params":[360,261,928,415,50,0,0.60,0.30,2.00,false,false,"网络波动"]
                                            },
                                            {
                                                "type":"Condition",
                                                "name":"文本内容搜索",
                                                "Function":"文本内容搜索",
                                                "params":{
                                                    "变量名":"网络波动",
                                                    "目标字符串":"请重新进入场景"
                                                }
                                            },
                                            {
                                                "点击确定@通用.点击确定":{}
                                            }
                                        ]
                                    },
                                    {
                                        "type":"Condition",
                                        "name":"点击取消",
                                        "Function":"点击图片",
                                        "params":[339,184,940,526,"sdcard/元梦挂机脚本目录/图片/异常/取消.png",0.9]
                                    },
                                    {
                                        "type":"Condition",
                                        "name":"强行关闭提示",
                                        "Function":"点击颜色",
                                        "params":[765,107,1076,293,"ffe02d","-10|-12|ffe02c|14|-10|ffe02d|-10|8|ffe02d|8|13|ffe02d|3|19|2e6fe1",0,0.9]
                                    }
                                ]
                            }
                            
                            
                        ]
                    },
                    {
                        "type":"Sequence",
                        "name":"进入游戏流程",
                        "children":[
                            {
                                "type":"Condition",
                                "name":"在登陆界面",
                                "Function":"模板匹配找图",
                                "params":[1168,15,1262,106,"sdcard/元梦挂机脚本目录/图片/异常/注销.png",0.9]
                            },
                            {
                                "type": "Action",
                                "name": "点击空白",
                                "Function":"点击",
                                "params": [623,498]
                            },
                            {
                                "type":"Condition",
                                "name":"重启元梦",
                                "Function":"重启app",
                                "params":["com.tencent.letsgo",-300]
                            }
                        ]
                        
                    },
                    {
                        "type":"Sequence",
                        "name":"检查元梦是否启动",
                        "children":[
                            {
                                "type":"Condition",
                                "name":"时间到了",
                                "Function":"定时器",
                                "params":["元梦是在前台运行",600]
                            },
                            {
                                "type":"Selector",
                                "name":"检查元梦是否启动",
                                "children":[
                                    {
                                        "type": "Condition",
                                        "name": "是否在前台运行",
                                        "Function":"在前台运行中",
                                        "params": "com.tencent.letsgo"
                                    },
                                    {
                                        "type": "Action",
                                        "name": "runApp",
                                        "Function":"运行APP",
                                        "params": "com.tencent.letsgo"
                                    }
                                    
                                ]
                            }
                        ]
                    }
                ]
            }
        ]
        
    },
    "namespace":"异常"
    
}