{   
    "动作@农场.动作":{
        "$模式":"作物",
        "$停机模式检测器":"全部|作物",
        "$可收获匹配":"可收获",
        "$不可收获匹配":"后成熟",
        "$设置可收获":["blackboard.data.作物",0],

        "$取时间间隔":"获取时间间隔@作物.获取时间间隔",
        "$收获时间到了":"工作时间到了@作物.工作时间到了",
        "$无月卡收获流程":"无月卡收获流程@作物.无月卡收获流程",

        "$向前滑动":[251,526,251,335,700]
    },
    "获取时间间隔":{
        "type": "Sequence",
        "name":  "取时间流程",
        "children":[
            {
                "type":"Inverter",
                "name":"收获完成",
                "children":[
                    {
                        "type":"Condition",
                        "name":"可点击机器",
                        "Function":"判断是否已点击机器",
                        "params":"$模式"
                    }
                ]
            },
            {
                "在无人机旁@农场.移动到无人机旁":{}
            },
            {
                "选择工作模式@农场.选择工作模式":{}
            },
            {
                "type":"Action",
                "name":"滑动屏幕",
                "Function":"滑动",
                "params":"$滑动屏幕"
            },
            {
                "识别收获时长@农场.识别收获时长":{}
            },
            {
                "识别浇水时间@作物.补充浇水时长":{}
            },
            {
                "type":"Action",
                "name":"重新计算作物收获时长",
                "Function":"计算作物成熟时间",
                "params":"作物"
            }
            
        ]
    },
    "检查是否有吞吞花":{
        "type":"Condition",
        "name":"是吞吞花",
        "Function":"检查是否有吞吞花",
        "params":[8,147,199,204,"sdcard/元梦挂机脚本目录/图片/农场/霸王吞吞花.png",0.9]
    },
    "识别浇水时长":{
        "type":"Selector",
        "name":"选择识别模式",
        "children":[
            {
                "type":"Condition",
                "name":"根据图片识别文本",
                "Function":"识别屏幕_根据模型识别",
                "params":[20,194,361,296]
            },
            {
                "type":"Condition",
                "name":"根据图片识别文本",
                "Function":"识别屏幕_本地神经网络识别",
                "params":[20,194,361,296,50,0,0.60,0.30,2.00,false,false]
            },
            {
                "type":"Condition",
                "name":"根据图片识别文本",
                "Function":"识别屏幕_本地神经网络识别_二值化",
                "params":[20,194,361,296,"FFFFFF-303030",50,0,0.60,0.30,2.00,false,false]
            }
        ] 
    },
    "补充浇水时长":{
        "type":"Selector",
        "name":"补存浇水时间",
        "children":[

            {
                "type":"Sequence",
                "name":"如果有霸王花序列",
                "children":[
                    {
                        "检查是否有吞吞花@作物.检查是否有吞吞花":{}
                    },
                    {
                        "type": "Action",
                        "name": "遇到霸王花默认浇水时长",
                        "Function":"遇到霸王花默认浇水时长"
                    }
                ]
            },
            {
                "type":"Sequence",
                "name":"取时间序列",
                "children":[
                    {
                        "点击问号@通用.点击问号":{}
                    },
                    {
                        "type": "Action",
                        "name": "延时1s",
                        "Function":"延时",
                        "params": 1000
                    },
                    {
                        "识别浇水时长@作物.识别浇水时长":{}
                    },
                    {
                        "type":"Selector",
                        "name":"分析识别结果",
                        "children":[
                            {
                                "type":"Sequence",
                                "name":"如果有时间序列",
                                "children":[
                                    {
                                        "type":"Condition",
                                        "name":"文本查找",
                                        "Function":"文本内容搜索",
                                        "params":"小时|分|维持"
                                    },
                                    {
                                        "type":"Condition",
                                        "name":"提取浇水时间",
                                        "Function":"在识别结果中提取时间",
                                        "params":"浇水"
                                    }
                                    
                                    
                                ]
                            },
                            {
                                "type":"Condition",
                                "name":"土地干涸",
                                "Function":"顺序函数",
                                "params":[
                                    ["文本内容搜索","土地干涸"],
                                    ["setval",["blackboard.data.作物",0]]
                                ]
                            }
                        ]
                    }

                ]
            }
        ]
    },
    "工作时间到了":{
        "type":"Selector",
        "name":"选择浇水|收获",
        "children":[
            {
                "type":"Sequence",
                "name":"检查收获流程",
                "children":[
                    {
                        "type":"Condition",
                        "name":"检查作物收获时长",
                        "Function":"检查收获时间",
                        "params":"$模式"
                    },
                    {
                        "type":"Action",
                        "name":"设置收获",
                        "Function":"设置黑板数据",
                        "params":{
                            "类型":"置黑板数据",
                            "键":"作物工作模式",
                            "值":"收获"
                        }
                    }
                ]
            },
            {
                "type":"Sequence",
                "name":"检查浇水流程",
                "children":[
                    {
                        "type":"Condition",
                        "name":"检查作物浇水时长",
                        "Function":"检查收获时间",
                        "params":"浇水"
                    },
                    {
                        "type":"Action",
                        "name":"设置浇水",
                        "Function":"设置黑板数据",
                        "params":{
                            "类型":"置黑板数据",
                            "键":"作物工作模式",
                            "值":"浇水"
                        }
                    }
                ]
            }
        ]
    },
    "无月卡收获流程":{
        "type":"Sequence",
        "name":"无月卡收获流程",
        "children":[
            {
                "type":"Inverter",
                "name":"没有月卡执行",
                "children":[
                    {
                        "type":"Condition",
                        "name":"获取月卡状态",
                        "Function":"获取月卡状态",
                        "params":"农场月卡"
                    }
                ]
            },
            {
                "type":"Selector",
                "name":"选择收获行",
                "children":[
                    {
                        "退出屋内流程@农场.退出屋内流程":{}
                    },
                    {
                        "执行收获流程@作物.执行收获流程":{}
                    },
                    {
                        "进入发射状态@作物.进入发射状态":{}
                    }
                ]
            }
        ]
    },
    "进入发射状态":{
        "type":"Sequence",
        "name":"进入发射流程",
        "children":[
            {
                "type":"Condition",
                "name":"可收获",
                "Function":"判断是否已点击机器",
                "params":"$模式"
            },
            {
                "是在主界面@通用.是在主界面":{}
            },
            {
                "type":"Inverter",
                "name":"检查不在田地流程",
                "children":[
                    {
                        "type":"Sequence",
                        "name":"检查流程",
                        "children":[
                            {
                                "有计时界面@通用.有计时界面":{"name":"检查是否在田地"} 
                            },
                            {
                                "在务农小车上@农场.在务农小车上":{}
                            }
                        ]
                    }
                ]
            },
            {
                "type":"Selector",
                "name":"分析是否结束",
                "children":[
                    {
                        "type":"Sequence",
                        "name":"检查收获是否完成",
                        "children":[
                            {
                                "type":"Condition",
                                "name":"检查移动步数",
                                "Function":"比较变量",
                                "params":["blackboard.data.移动步数",">=",8]
                            },
                            {
                                "type":"Action",
                                "name":"重置权重",
                                "Function":"权重",
                                "params": {"类型":"置权重","key":"移动步数","value":1}
                            },
                            {
                                "type":"Condition",
                                "name":"收获行数累加",
                                "Function":"权重",
                                "params":{"key":"收获行数","最大值":7,"最小值":1}
                            },
                            {
                                "type":"Condition",
                                "name":"置收获间隔",
                                "Function":"置收获间隔",
                                "params": "$模式"
                            }
                        ]
                    },
                    {
                        "type":"Condition",
                        "name":"可收获",
                        "Function":"判断是否已点击机器",
                        "params":"$模式"
                    }
                ]
            },
            {
                "向发射器移动@通用.向发射器移动":{}
            },
            {
                "点击务农小车@通用.点击务农小车":{}
            },
            {
                "type":"Action",
                "name":"等待1.2秒",
                "Function":"延时",
                "params": 2000
            },
            {
                "type":"Action",
                "name":"重置权重",
                "Function":"权重",
                "params": {"类型":"置权重","key":"移动步数","value":1}
            }
            
        ]
    },
    "执行收获流程":{
        "type":"SelectorByVariable",
        "name":"选择收获哪行",
        "defaultIndex":1,
        "key":"收获行数",
        "children":[
            {
                "收获第一排@作物.收获第一排":{}
            },
            {
                "收获第二排@作物.收获第二排":{}
            },
            {
                "收获第三排@作物.收获第三排":{}
            },
            {
                "收获第四排@作物.收获第四排":{}
            },
            {
                "收获第五排@作物.收获第五排":{}
            },
            {
                "收获第六排@作物.收获第六排":{}
            }
        ]
    },
    "收获第一排":{
        "type":"Selector",
        "name":"收获第一排",
        "children":[
            {
                "type":"Sequence",
                "name":"在发射状态流程",
                "children":[
                    {
                        "是在发射状态@通用.是在发射状态":{}
                    },
                    {
                        "type":"Action",
                        "name":"滑动发射器",
                        "Function":"滑动",
                        "params":[641,361,457,403,1300]
                    },
                    {
                        "type":"Selector",
                        "name":"验证位置",
                        "children":[
                            {
                                "type":"Condition",
                                "name":"AI滑动",
                                "Function":"控制摄像机",
                                "params":{
                                    "数据路径":"识别比对库.作物[1].滑动发射器"
                                }
                            },
                            {
                                "点击后退@通用.点击后退":{}
                            }
                        ]
                    },
                    {
                        "点击通用按钮@通用.点击通用按钮":{"name":"点击发射"}
                    },
                    {
                        "type":"Action",
                        "name":"等待1.5秒",
                        "Function":"延时",
                        "params":1500
                    },
                    {
                        "轮询是否落地@农场.轮询是否落地":{}
                    }
                ]   
            },
            {
                "type":"Sequence",
                "name":"在田地流程",
                "children":[
                    {
                        "type":"Action",
                        "name":"打印消息",
                        "Function":"log",
                        "params":"正在收获第一排"
                    },
                    {
                        "是在主界面@通用.是在主界面":{}
                    },
                    {
                        "有计时界面@通用.有计时界面":{"name":"检查是否在田地"} 
                    },
                    {
                        "在务农小车上@农场.在务农小车上":{}
                    },
                    {
                        "无月卡模式浇水or收获@作物.无月卡模式浇水or收获":{}
                    },
                    {
                        "type":"Selector",
                        "name":"按移动步数调整摄像机",
                        "children":[
                            {
                                "type":"Sequence",
                                "name":"移动步数为1时调整摄像机",
                                "children":[
                                    {
                                        "type":"Condition",
                                        "name":"判断在那步",
                                        "Function":"比较变量",
                                        "params":["blackboard.data.移动步数","==",1]
                                    },
                                    {
                                        "type":"Action",
                                        "name":"调整摄像机",
                                        "Function":"滑动",
                                        "params":[697,312,670,312,700]
                                    }
                                ]
                            },
                            {
                                "type":"Sequence",
                                "name":"移动步数为3时调整摄像机",
                                "children":[
                                    {
                                        "type":"Condition",
                                        "name":"判断在那步",
                                        "Function":"比较变量",
                                        "params":["blackboard.data.移动步数","==",3]
                                    },
                                    {
                                        "type":"Action",
                                        "name":"调整摄像机",
                                        "Function":"滑动",
                                        "params":[697,312,660,312,700]
                                    }
                                ]
                            },
                            {
                                "type":"Condition",
                                "name":"移动过返回",
                                "Function":"比较变量",
                                "params":["blackboard.data.移动步数",">=",2]
                            }
                        ]
                    },
                    {   
                        "type":"Action",
                        "name":"AI滑动",
                        "Function":"控制摄像机",
                        "params":{
                            "数据路径":"识别比对库.作物[1]",
                            "变量名称":"移动步数"
                        }
                    },
                    {
                        "type":"Action",
                        "name":"向前移动",
                        "Function":"滑动",
                        "params":"$向前滑动"
                    },
                    {
                        "type":"Action",
                        "name":"权重累加",
                        "Function":"权重",
                        "params":{"key":"移动步数","最大值":20}
                    }
                ]
            }
        ]
    },
    "收获第二排":{
        "type":"Selector",
        "name":"收获第二排",
        "children":[
            {
                "type":"Sequence",
                "name":"在发射状态流程",
                "children":[
                    {
                        "是在发射状态@通用.是在发射状态":{}
                    },
                    {
                        "type":"Action",
                        "name":"滑动发射器",
                        "Function":"滑动",
                        "params":[641,361,510,395,1100]
                    },
                    {
                        "type":"Selector",
                        "name":"验证位置",
                        "children":[
                            {
                                "type":"Condition",
                                "name":"AI滑动",
                                "Function":"控制摄像机",
                                "params":{
                                    "数据路径":"识别比对库.作物[2].滑动发射器"
                                }
                            },
                            {
                                "点击后退@通用.点击后退":{}
                            }
                        ]
                    },
                    {
                        "点击通用按钮@通用.点击通用按钮":{"name":"点击发射"}
                    },
                    {
                        "type":"Action",
                        "name":"等待1.5秒",
                        "Function":"延时",
                        "params":1500
                    },
                    {
                        "轮询是否落地@农场.轮询是否落地":{}
                    }
                ]   
            },
            {
                "type":"Sequence",
                "name":"在田地流程",
                "children":[
                    {
                        "type":"Action",
                        "name":"打印消息",
                        "Function":"log",
                        "params":"正在收获第二排"
                    },
                    {
                        "是在主界面@通用.是在主界面":{}
                    },
                    {
                        "在务农小车上@农场.在务农小车上":{}
                    },
                    {
                        "有计时界面@通用.有计时界面":{"name":"检查是否在田地"} 
                    },
                    {
                        "无月卡模式浇水or收获@作物.无月卡模式浇水or收获":{}
                    },
                    {
                        "type":"Selector",
                        "name":"按移动步数调整摄像机",
                        "children":[
                            {
                                "type":"Sequence",
                                "name":"移动步数为1时调整摄像机",
                                "children":[
                                    {
                                        "type":"Condition",
                                        "name":"判断在那步",
                                        "Function":"比较变量",
                                        "params":["blackboard.data.移动步数","==",1]
                                    },
                                    {
                                        "type":"Action",
                                        "name":"调整摄像机",
                                        "Function":"滑动",
                                        "params":[697,312,645,312,700]
                                    }
                                ]
                            },
                            {
                                "type":"Sequence",
                                "name":"移动步数为3时调整摄像机",
                                "children":[
                                    {
                                        "type":"Condition",
                                        "name":"判断在那步",
                                        "Function":"比较变量",
                                        "params":["blackboard.data.移动步数","==",3]
                                    },
                                    {
                                        "type":"Action",
                                        "name":"调整摄像机",
                                        "Function":"滑动",
                                        "params":[697,312,660,312,700]
                                    }
                                ]
                            },
                            {
                                "type":"Condition",
                                "name":"移动过返回",
                                "Function":"比较变量",
                                "params":["blackboard.data.移动步数",">=",2]
                            }
                        ]
                    },
                    {   
                        "type":"Action",
                        "name":"AI滑动",
                        "Function":"控制摄像机",
                        "params":{
                            "数据路径":"识别比对库.作物[2]",
                            "变量名称":"移动步数"
                        }
                    },
                    {
                        "type":"Action",
                        "name":"向前移动",
                        "Function":"滑动",
                        "params":"$向前滑动"
                    },
                    {
                        "type":"Action",
                        "name":"权重累加",
                        "Function":"权重",
                        "params":{"key":"移动步数","最大值":20}
                    }
                ]
            }
        ]
    
    },
    "收获第三排":{
        "type":"Selector",
        "name":"收获第三排",
        "children":[
            {
                "type":"Sequence",
                "name":"在发射状态流程",
                "children":[
                    {
                        "是在发射状态@通用.是在发射状态":{}
                    },
                    {
                        "type":"Action",
                        "name":"滑动发射器",
                        "Function":"滑动",
                        "params":[641,361,550,385,1100]
                    },
                    {
                        "type":"Selector",
                        "name":"验证位置",
                        "children":[
                            {
                                "type":"Condition",
                                "name":"AI滑动",
                                "Function":"控制摄像机",
                                "params":{
                                    "数据路径":"识别比对库.作物[3].滑动发射器"
                                }
                            },
                            {
                                "点击后退@通用.点击后退":{}
                            }
                        ]
                    },
                    {
                        "点击通用按钮@通用.点击通用按钮":{"name":"点击发射"}
                    },
                    {
                        "type":"Action",
                        "name":"等待1.5秒",
                        "Function":"延时",
                        "params":1500
                    },
                    {
                        "轮询是否落地@农场.轮询是否落地":{}
                    }
                ]   
            },
            {
                "type":"Sequence",
                "name":"在田地流程",
                "children":[
                    {
                        "type":"Action",
                        "name":"打印消息",
                        "Function":"log",
                        "params":"开始收获第三排"
                    },
                    {
                        "是在主界面@通用.是在主界面":{}
                    },
                    {
                        "在务农小车上@农场.在务农小车上":{}
                    },
                    {
                        "有计时界面@通用.有计时界面":{"name":"检查是否在田地"} 
                    },
                    {
                        "无月卡模式浇水or收获@作物.无月卡模式浇水or收获":{}
                    },
                    {
                        "type":"Selector",
                        "name":"按移动步数调整摄像机",
                        "children":[
                            {
                                "type":"Sequence",
                                "name":"移动步数为1时调整摄像机",
                                "children":[
                                    {
                                        "type":"Condition",
                                        "name":"判断在那步",
                                        "Function":"比较变量",
                                        "params":["blackboard.data.移动步数","==",1]
                                    },
                                    {
                                        "type":"Action",
                                        "name":"调整摄像机",
                                        "Function":"滑动",
                                        "params":[697,312,630,312,700]
                                    }
                                ]
                            },
                            {
                                "type":"Sequence",
                                "name":"移动步数为3时调整摄像机",
                                "children":[
                                    {
                                        "type":"Condition",
                                        "name":"判断在那步",
                                        "Function":"比较变量",
                                        "params":["blackboard.data.移动步数","==",3]
                                    },
                                    {
                                        "type":"Action",
                                        "name":"调整摄像机",
                                        "Function":"滑动",
                                        "params":[697,312,660,312,700]
                                    }
                                ]
                            },
                            {
                                "type":"Condition",
                                "name":"移动过返回",
                                "Function":"比较变量",
                                "params":["blackboard.data.移动步数",">=",2]
                            }
                        ]
                    },
                    {   
                        "type":"Action",
                        "name":"AI滑动",
                        "Function":"控制摄像机",
                        "params":{
                            "数据路径":"识别比对库.作物[3]",
                            "变量名称":"移动步数"
                        }
                    },
                    {
                        "type":"Action",
                        "name":"向前移动",
                        "Function":"滑动",
                        "params":"$向前滑动"
                    },
                    {
                        "type":"Action",
                        "name":"权重累加",
                        "Function":"权重",
                        "params":{"key":"移动步数","最大值":20}
                    }
                ]
            }
        ]
    
    },
    "收获第四排":{
        "type":"Selector",
        "name":"收获第四排",
        "children":[
            {
                "type":"Sequence",
                "name":"在发射状态流程",
                "children":[
                    {
                        "是在发射状态@通用.是在发射状态":{}
                    },
                    {
                        "type":"Action",
                        "name":"滑动发射器",
                        "Function":"滑动",
                        "params":[641,361,600,370,1000]
                    },
                    {
                        "type":"Selector",
                        "name":"验证位置",
                        "children":[
                            {
                                "type":"Condition",
                                "name":"AI滑动",
                                "Function":"控制摄像机",
                                "params":{
                                    "数据路径":"识别比对库.作物[4].滑动发射器"
                                }
                            },
                            {
                                "点击后退@通用.点击后退":{}
                            }
                        ]
                    },
                    {
                        "点击通用按钮@通用.点击通用按钮":{"name":"点击发射"}
                    },
                    {
                        "type":"Action",
                        "name":"等待1.5秒",
                        "Function":"延时",
                        "params":1500
                    },
                    {
                        "轮询是否落地@农场.轮询是否落地":{}
                    }
                ]   
            },
            {
                "type":"Sequence",
                "name":"在田地流程",
                "children":[
                    {
                        "type":"Action",
                        "name":"打印消息",
                        "Function":"log",
                        "params":"开始收获第四排"
                    },
                    {
                        "是在主界面@通用.是在主界面":{}
                    },
                    {
                        "在务农小车上@农场.在务农小车上":{}
                    },
                    {
                        "有计时界面@通用.有计时界面":{"name":"检查是否在田地"} 
                    },
                    {
                        "无月卡模式浇水or收获@作物.无月卡模式浇水or收获":{}
                    },
                    {
                        "type":"Selector",
                        "name":"按移动步数调整摄像机",
                        "children":[
                            {
                                "type":"Sequence",
                                "name":"移动步数为1时调整摄像机",
                                "children":[
                                    {
                                        "type":"Condition",
                                        "name":"判断在那步",
                                        "Function":"比较变量",
                                        "params":["blackboard.data.移动步数","==",1]
                                    },
                                    {
                                        "type":"Action",
                                        "name":"调整摄像机",
                                        "Function":"滑动",
                                        "params":[697,312,603,312,700]
                                    }
                                ]
                            },
                            {
                                "type":"Sequence",
                                "name":"移动步数为3时调整摄像机",
                                "children":[
                                    {
                                        "type":"Condition",
                                        "name":"判断在那步",
                                        "Function":"比较变量",
                                        "params":["blackboard.data.移动步数","==",3]
                                    },
                                    {
                                        "type":"Action",
                                        "name":"调整摄像机",
                                        "Function":"滑动",
                                        "params":[697,312,660,312,700]
                                    }
                                ]
                            },
                            {
                                "type":"Condition",
                                "name":"移动过返回",
                                "Function":"比较变量",
                                "params":["blackboard.data.移动步数",">=",2]
                            }
                        ]
                    },
                    {   
                        "type":"Action",
                        "name":"AI滑动",
                        "Function":"控制摄像机",
                        "params":{
                            "数据路径":"识别比对库.作物[4]",
                            "变量名称":"移动步数"
                        }
                    },
                    {
                        "type":"Action",
                        "name":"向前移动",
                        "Function":"滑动",
                        "params":"$向前滑动"
                    },
                    {
                        "type":"Action",
                        "name":"权重累加",
                        "Function":"权重",
                        "params":{"key":"移动步数","最大值":20}
                    }
                ]
            }
        ]
    
    },
    "收获第五排":{
        "type":"Selector",
        "name":"收获第五排",
        "children":[
            {
                "type":"Sequence",
                "name":"在发射状态流程",
                "children":[
                    {
                        "是在发射状态@通用.是在发射状态":{}
                    },
                    {
                        "type":"Action",
                        "name":"滑动发射器",
                        "Function":"滑动",
                        "params":[641,361,628,360,600]
                    },
                    {
                        "type":"Selector",
                        "name":"验证位置",
                        "children":[
                            {
                                "type":"Condition",
                                "name":"AI滑动",
                                "Function":"控制摄像机",
                                "params":{
                                    "数据路径":"识别比对库.作物[5].滑动发射器"
                                }
                            },
                            {
                                "点击后退@通用.点击后退":{}
                            }
                        ]
                    },
                    {
                        "点击通用按钮@通用.点击通用按钮":{"name":"点击发射"}
                    },
                    {
                        "type":"Action",
                        "name":"等待1.5秒",
                        "Function":"延时",
                        "params":1500
                    },
                    {
                        "轮询是否落地@农场.轮询是否落地":{}
                    }
                ]   
            },
            {
                "type":"Sequence",
                "name":"在田地流程",
                "children":[
                    {
                        "type":"Action",
                        "name":"打印消息",
                        "Function":"log",
                        "params":"开始收获第五排"
                    },
                    {
                        "是在主界面@通用.是在主界面":{}
                    },
                    {
                        "在务农小车上@农场.在务农小车上":{}
                    },
                    {
                        "有计时界面@通用.有计时界面":{"name":"检查是否在田地"} 
                    },
                    {
                        "无月卡模式浇水or收获@作物.无月卡模式浇水or收获":{}
                    },
                    {
                        "type":"Selector",
                        "name":"按移动步数调整摄像机",
                        "children":[
                            {
                                "type":"Sequence",
                                "name":"移动步数为1时调整摄像机",
                                "children":[
                                    {
                                        "type":"Condition",
                                        "name":"判断在那步",
                                        "Function":"比较变量",
                                        "params":["blackboard.data.移动步数","==",1]
                                    },
                                    {
                                        "type":"Action",
                                        "name":"调整摄像机",
                                        "Function":"滑动",
                                        "params":[697,312,590,312,700]
                                    }
                                ]
                            },
                            {
                                "type":"Sequence",
                                "name":"移动步数为3时调整摄像机",
                                "children":[
                                    {
                                        "type":"Condition",
                                        "name":"判断在那步",
                                        "Function":"比较变量",
                                        "params":["blackboard.data.移动步数","==",3]
                                    },
                                    {
                                        "type":"Action",
                                        "name":"调整摄像机",
                                        "Function":"滑动",
                                        "params":[697,312,660,312,700]
                                    }
                                ]
                            },
                            {
                                "type":"Condition",
                                "name":"移动步数大于等于2时返回",
                                "Function":"比较变量",
                                "params":["blackboard.data.移动步数",">=",2]
                            }
                        ]
                    },
                    {   
                        "type":"Action",
                        "name":"AI滑动",
                        "Function":"控制摄像机",
                        "params":{
                            "数据路径":"识别比对库.作物[5]",
                            "变量名称":"移动步数"
                        }
                    },
                    {
                        "type":"Action",
                        "name":"向前移动",
                        "Function":"滑动",
                        "params":"$向前滑动"
                    },
                    {
                        "type":"Action",
                        "name":"权重累加",
                        "Function":"权重",
                        "params":{"key":"移动步数","最大值":20}
                    }
                ]
            }
        ]
    
    },
    "收获第六排":{
        "type":"Selector",
        "name":"收获第六排",
        "children":[
            {
                "type":"Sequence",
                "name":"在发射状态流程",
                "children":[
                    {
                        "是在发射状态@通用.是在发射状态":{}
                    },
                    {
                        "type":"Action",
                        "name":"滑动发射器",
                        "Function":"滑动",
                        "params":[641,361,641,350,600]
                    },
                    {
                        "type":"Selector",
                        "name":"验证位置",
                        "children":[
                            {
                                "type":"Condition",
                                "name":"AI滑动",
                                "Function":"控制摄像机",
                                "params":{
                                    "数据路径":"识别比对库.作物[6].滑动发射器"
                                }
                            },
                            {
                                "点击后退@通用.点击后退":{}
                            }
                        ]
                    },
                    {
                        "点击通用按钮@通用.点击通用按钮":{"name":"点击发射"}
                    },
                    {
                        "type":"Action",
                        "name":"等待1.5秒",
                        "Function":"延时",
                        "params":1500
                    },
                    {
                        "轮询是否落地@农场.轮询是否落地":{}
                    }
                ]   
            },
            {
                "type":"Sequence",
                "name":"在田地流程",
                "children":[
                    {
                        "type":"Action",
                        "name":"打印消息",
                        "Function":"log",
                        "params":"开始收获第六排"
                    },
                    {
                        "是在主界面@通用.是在主界面":{}
                    },
                    {
                        "在务农小车上@农场.在务农小车上":{}
                    },
                    {
                        "有计时界面@通用.有计时界面":{"name":"检查是否在田地"} 
                    },
                    {
                        "无月卡模式浇水or收获@作物.无月卡模式浇水or收获":{}
                    },
                    {
                        "type":"Selector",
                        "name":"按移动步数调整摄像机",
                        "children":[
                            {
                                "type":"Sequence",
                                "name":"移动步数为1时调整摄像机",
                                "children":[
                                    {
                                        "type":"Condition",
                                        "name":"判断在那步",
                                        "Function":"比较变量",
                                        "params":["blackboard.data.移动步数","==",1]
                                    },
                                    {
                                        "type":"Action",
                                        "name":"调整摄像机",
                                        "Function":"滑动",
                                        "params":[697,312,585,312,700]
                                    }
                                ]
                            },
                            {
                                "type":"Sequence",
                                "name":"移动步数为3时调整摄像机",
                                "children":[
                                    {
                                        "type":"Condition",
                                        "name":"判断在那步",
                                        "Function":"比较变量",
                                        "params":["blackboard.data.移动步数","==",2]
                                    },
                                    {
                                        "type":"Action",
                                        "name":"调整摄像机",
                                        "Function":"滑动",
                                        "params":[697,312,660,312,700]
                                    }
                                ]
                            },
                            {
                                "type":"Condition",
                                "name":"移动过返回",
                                "Function":"比较变量",
                                "params":["blackboard.data.移动步数",">=",2]
                            }
                        ]
                    },
                    {   
                        "type":"Action",
                        "name":"AI滑动",
                        "Function":"控制摄像机",
                        "params":{
                            "数据路径":"识别比对库.作物[6]",
                            "变量名称":"移动步数"
                        }
                    },
                    {
                        "type":"Action",
                        "name":"向前移动",
                        "Function":"滑动",
                        "params":"$向前滑动"
                    },
                    {
                        "type":"Action",
                        "name":"权重累加",
                        "Function":"权重",
                        "params":{"key":"移动步数","最大值":20}
                    }
                ]
            }
        ]
    
    },
    "无月卡模式浇水or收获":{
        "type":"Selector",
        "name":"分析浇水|收获",
        "children":[
            {
                "type":"Sequence",
                "name":"收获流程",
                "children":[
                    {
                        "type":"Condition",
                        "name":"是收获状态",
                        "Function":"比较变量",
                        "params":["blackboard.data.作物工作模式","==","收获"]
                    },
                    
                    {
                        "type":"Action",
                        "name":"等待1秒",
                        "Function":"延时",
                        "params":1000
                    },
                    {
                        "type":"Selector",
                        "name":"分析是否完成",
                        "children":[
                            {
                                "type":"Sequence",
                                "name":"是收获完成流程",
                                "children":[
                                    {
                                        "type":"Condition",
                                        "name":"黄色颜色",
                                        "Function":"区域多点找色",
                                        "params":[53,353,142,403,"ffe64b-050505","20|1|fcdc45-050505|1|10|ffe64b-050505|-7|1|ffe64b-050505|-6|2|ffe64b-050505|39|-3|fae149-050505|-6|-19|ffe64b-050505|21|-12|dd910a-050505|28|-8|ffe64b-050505|-9|-6|ffe64b-050505",1,0.9]
                                    },
                                    {
                                        "type":"Condition",
                                        "name":"浇水颜色",
                                        "Function":"区域多点找色",
                                        "params":[23,276,180,353,"5ec4ff-050505","25|6|5ec4ff-050505|1|7|5ec4ff-050505|20|1|5ec4ff-050505|16|-2|5ec4ff-050505|-20|-1|5ec4ff-050505|24|8|5ec4ff-050505|-13|0|5ec4ff-050505|-13|3|5ec4ff-050505|17|2|5ec4ff-050505",1,0.9]
                                    },
                                    {
                                        "type":"Action",
                                        "name":"重置权重",
                                        "Function":"权重",
                                        "params":{"类型":"置权重","key":"收获失败次数","value":0}
                                    }
                                ]
                            },
                            {
                                "type":"Condition",
                                "name":"最大权重",
                                "Function":"权重",
                                "params":{"key":"收获失败次数","最大值":5}
                            }
                        ]
                    }
                    
                ]
            },
            {
                "type":"Condition",
                "name":"是收获状态",
                "Function":"比较变量",
                "params":["blackboard.data.作物工作模式","==","浇水"]
            }
        ]
    },
    "namespace":"作物"
}