{
    "动作@农场.动作":{
        "$模式":"餐厅",
        "$停机模式检测器":"全部|餐厅",
        "$可收获匹配":"等位中|保护",
        "$不可收获匹配":"后到访",
        "$设置可收获":["blackboard.data.餐厅",0],
        "$接待顾客":[31,187,173,313,"b9deff","-27|13|b0daff|20|15|b2dafe",1,0.9],

        "$点击接待":[901,385,1052,525,"sdcard/元梦挂机脚本目录/图片/农场/接待按钮.png",0.7,[56,56]],
        "$切换预约UI":[180,250],

        "$打开预约界面":[1122,581,300],

        "$待领取界面流程":"待领取界面流程@餐厅.待领取界面流程",
        "$无月卡收获流程":"接待顾客无月卡@餐厅.接待顾客无月卡"
    },
    "待领取界面流程":{
        "type":"Sequence",
        "name":"待领取界面流程",
        "children":[
            {
               "type":"Condition",
                "name":"有待领取",
                "Function":"文本内容搜索",
                "params":"待领取|领取|暂无离店收益"
            },
            {
                "type":"Action",
                "name":"切换预约UI",
                "Function":"点击",
                "params":"$切换预约UI"
            }
        ]
    },
    "接待顾客无月卡":{
        "type":"Sequence",
        "name":"无月卡收获",
        "children":[
            {
                "type":"Inverter",
                "name":"无月卡",
                "children":[
                    {
                        "type":"Condition",
                        "name":"获取月卡状态",
                        "Function":"获取月卡状态",
                        "params":"农场月卡"
                    }
                ]
            },
            {
                "type":"Condition",
                "name":"可点击机器",
                "Function":"判断是否已点击机器",
                "params":"$模式"
            },
            {
                "type":"Selector",
                "name":"分析在屋内还是屋外",
                "children":[
                    {
                        "type":"Sequence",
                        "name":"屋外流程",
                        "children":[
                            {
                                "是在屋外@通用.是在屋外":{}
                            },
                            {
                                "向发射器移动@通用.向发射器移动":{}
                            },
                            {
                                "点击放大镜@通用.点击放大镜":{}
                            },
                            {
                                "type": "Action",
                                "name": "等待1.5",
                                "Function":"延时",
                                "params": 1500
                            },
                            {
                                "是在发射状态@通用.是在发射状态":{}
                            },
                            {
                                "type": "Action",
                                "name": "滑动发射器",
                                "Function":"滑动",
                                "params": [799,359,430,300,2000]
                            },
                            {
                                "type": "Action",
                                "name": "等待0.5秒",
                                "Function":"延时",
                                "params": 500
                            },
                            {
                                "点击通用按钮@通用.点击通用按钮":{"name":"点击发射"}
                            },
                            {
                                "type":"Action",
                                "name":"等待3秒",
                                "Function":"延时",
                                "params":3500
                            },
                            {
                                "type": "Action",
                                "name": "向房屋大门滑动",
                                "Function":"滑动",
                                "params": [250,524,250,348,1200]
                            },
                            {
                                "点击通用按钮@通用.点击通用按钮":{}
                            }
                        ]
                    },
                    {
                        "type":"Sequence",
                        "name":"屋内流程",
                        "children":[
                            {
                                "type":"Action",
                                "name":"点击确定",
                                "Function":"点击图片",
                                "params":[713,542,904,611,"sdcard/元梦挂机脚本目录/图片/通用/确定.png",0.8]
                            },
                            {
                                "是在屋内@通用.是在屋内":{}
                            },
                            {
                                "type":"RepeaterEX",
                                "maxCount":10,
                                "name":"扫描任务状态",
                                "children":[
                                    {
                                        "接待顾客状态分析@餐厅.接待顾客状态分析":{}
                                    }
                                ]
                            },
                            {
                                "点击后退@通用.点击后退":{"type":"Action"}
                            },
                            {
                                "type":"Action",
                                "name":"等待",
                                "Function":"延时",
                                "params":1000
                            },
                            {
                                "点击复位@通用.点击复位":{}
                            },
                            {
                                "向屋外滑动@通用.向屋外滑动":{}
                            },
                            {
                                "type":"Condition",
                                "name":"置收获间隔",
                                "Function":"置收获间隔",
                                "params": "$模式"
                            }
                        ]
                    }
                    
                ]
            }
        ]
    },
    "接待顾客节点":{
        "type":"Condition",
        "name":"执行接待流程",
        "Function":"接待顾客",
        "params":{
            "预约界面":[60,13,177,81,"sdcard/元梦挂机脚本目录/图片/农场/预约.png",0.8],
            "点击接受预约":[1091,348,1248,430,"sdcard/元梦挂机脚本目录/图片/农场/接受预约.png",0.8],
            "接待按钮":[901,385,1052,525,"sdcard/元梦挂机脚本目录/图片/农场/接待按钮.png",0.8,210,[56,50]],
            "$餐厅预约界面":[60,13,177,81,"sdcard/元梦挂机脚本目录/图片/农场/预约.png",0.8],
            "打开预约界面":[1122,581],
            "点击权重":{"key":"点击权重","最大值":4},
            "尝试次数":{"key":"尝试次数","最大值":5},
            "点击后等待":3000,
            
            

            "移动":[251,525,112,593,500],
            "复位":[1214,655],

            "权重有效期":["接待顾客权重有效期",300]
        }
        
    },
    "接待顾客状态分析":{
        "type":"Selector",
        "name":"状态分析",
        "children":[
            {
                "type":"Sequence",
                "name":"在预约界面流畅",
                "children":[
                    {
                        "type":"Condition",
                        "name":"是在预约界面",
                        "Function":"模板匹配找图",
                        "params":"$餐厅预约界面"
                    },
                    {
                        "type":"Action",
                        "name":"点击预约单",
                        "Function":"点击",
                        "params":[903,55,300]
                    },
                    {
                        "type":"Action",
                        "name":"点击接受预约",
                        "Function":"点击图片",
                        "params":[1091,348,1248,430,"sdcard/元梦挂机脚本目录/图片/农场/接受预约.png",0.8,[39,9],1000]
                    },
                    {
                        "type":"Action",
                        "name":"尝试次数",
                        "Function":"权重",
                        "params":{"key":"尝试次数","类型":"置权重","value":1}
                    },
                    {
                        "type":"Action",
                        "name":"尝试次数",
                        "Function":"权重",
                        "params":{"key":"成功接待次数","类型":"置权重","value":1}
                    },
                    {
                        "type":"Action",
                        "name":"跳出循环",
                        "Function":"跳出循环体",
                        "params":"餐厅任务结束"
                    }
                ]
            },
            {
                "type":"Sequence",
                "name":"在接待状态",
                "children":[
                    {
                        "type":"Condition",
                        "name":"点击接待",
                        "Function":"点击图片",
                        "params":"$点击接待"
                    },
                    {
                        "type":"Action",
                        "name":"延时6秒",
                        "Function":"延时",
                        "params":6000
                    },
                    {
                        "type":"Condition",
                        "name":"记录接待次数",
                        "Function":"权重",
                        "params":{"最大值":5,"key":"成功接待次数"}
                    },
                    {
                        "type":"Action",
                        "name":"打开预约界面",
                        "Function":"点击",
                        "params":"$打开预约界面"
                    },
                    {
                        "type":"Action",
                        "name":"延时1S",
                        "Function":"延时",
                        "params":1000
                    }
                    
                ]
            },
            {
                "type":"Sequence",
                "name":"在接待状态",
                "children":[
                    {
                        "type":"Inverter",
                        "name":"没用接待按钮",
                        "children":[
                            {
                                "type":"Condition",
                                "name":"点击接待",
                                "Function":"模板匹配找图",
                                "params":"$点击接待"
                            }
                        ]
                    },
                    {
                        "点击复位@通用.点击复位":{}
                    },
                    {
                        "type":"Action",
                        "name":"滑动",
                        "Function":"滑动",
                        "params":[251,525,112,593,500]
                    },
                    {
                        "type":"Action",
                        "name":"等待",
                        "Function":"延时",
                        "params":1500
                    },
                    {
                        "type":"Condition",
                        "name":"尝试次数",
                        "Function":"权重",
                        "params":{"最大值":4,"key":"尝试次数"}
                    },
                    {
                        "type":"Action",
                        "name":"打开预约界面",
                        "Function":"点击",
                        "params":"$打开预约界面"
                    },
                    {
                        "type":"Action",
                        "name":"延时1S",
                        "Function":"延时",
                        "params":1000
                    }
                    
                ]
            }
        ]
    },

    "namespace":"餐厅"
}